mills,participation,outsiders_per_day,mill_floor_usd,mill_bid_base,paper_usd,paper_demand,days,seed,rally,wallets,fires,life_mean,life_min,life_max,die_by3,reach10,reach15,pot_med,pot_max,tickets_per_day,paper_per_ticket_end,paper_ratchet_nights,paper_burned_pct,paper_sold_pct,paper_stockpile_end,paper_stockpile_days,plank_burned_usd_yr,plank_burned_pct_supply,plank_locked_in_pot_usd,eth_usd_yr,mills_eaten,days_per_mill,emission_end,emission_drop_pct,royalty_usd_per_mill_yr,outsider_share,cap_hits_per_day,wins_whale,wins_mid,wins_small,wins_outsider,ret_whale,ret_mid,ret_small
1000,low,0,100,0.0,0.25,tickets,365,0,True,216,38,9.552631578947368,4,15,0.0,0.5263157894736842,0.07894736842105263,2881.262111111925,5177.916,509.6027397260274,1.0,0,0.48618356164383564,0.49084715413953917,8383.788739068115,8.383788739068116,107789.47389002553,11.490527798281846,1640.9431079284418,0.0,0,inf,1000.0,0.0,5.586764778005113,0.0,0.0,11,16,11,0,0.192408573248256,0.274321294004341,0.18616589513409865
1000,low,0,100,0.0,0.25,tickets,365,1,True,234,40,9.0,3,15,0.025,0.45,0.025,2493.4049516155173,5736.318795,478.4821917808219,1.0,0,0.4583068493150685,0.51203330137605,10825.844997741915,10.825844997741916,101856.23312880576,10.858034982051452,854.7672393435554,0.0,0,inf,1000.0,0.0,5.315866625761176,0.0,0.0,10,13,17,0,0.22454105730277246,0.16679833377911468,0.27111090622196216
1000,low,0,100,0.0,0.25,tickets,365,2,True,241,35,10.4,4,18,0.0,0.6857142857142857,0.05714285714285714,3181.7000040033445,7390.613869888221,515.4,1.0,0,0.49473150684931505,0.474710583599097,11153.636986329715,11.153636986329715,110015.23143716596,11.727797060712296,744.0219759352829,0.0,0,inf,1000.0,0.0,5.751116287433194,0.0,0.0,9,10,16,0,0.25261171011585165,0.14223394176432863,0.26954524003394453
1000,low,0,300,0.0,0.25,tickets,365,0,True,216,38,9.552631578947368,4,15,0.0,0.5263157894736842,0.07894736842105263,2881.262111111925,5177.916,509.6027397260274,1.0,0,0.48618356164383564,0.49084715413953917,8383.788739068115,8.383788739068116,107789.47389002553,11.490527798281846,1640.9431079284418,0.0,0,inf,1000.0,0.0,5.586764778005113,0.0,0.0,11,16,11,0,0.192408573248256,0.274321294004341,0.18616589513409865
1000,low,0,300,0.0,0.25,tickets,365,1,True,234,40,9.0,3,15,0.025,0.45,0.025,2493.4049516155173,5736.318795,478.4821917808219,1.0,0,0.4583068493150685,0.51203330137605,10825.844997741915,10.825844997741916,101856.23312880576,10.858034982051452,854.7672393435554,0.0,0,inf,1000.0,0.0,5.315866625761176,0.0,0.0,10,13,17,0,0.22454105730277246,0.16679833377911468,0.27111090622196216
1000,low,0,300,0.0,0.25,tickets,365,2,True,241,35,10.4,4,18,0.0,0.6857142857142857,0.05714285714285714,3181.7000040033445,7390.613869888221,515.4,1.0,0,0.49473150684931505,0.474710583599097,11153.636986329715,11.153636986329715,110015.23143716596,11.727797060712296,744.0219759352829,0.0,0,inf,1000.0,0.0,5.751116287433194,0.0,0.0,9,10,16,0,0.25261171011585165,0.14223394176432863,0.26954524003394453
1000,low,0,786,0.0,0.25,tickets,365,0,True,216,38,9.552631578947368,4,15,0.0,0.5263157894736842,0.07894736842105263,2881.262111111925,5177.916,509.6027397260274,1.0,0,0.48618356164383564,0.49084715413953917,8383.788739068115,8.383788739068116,107789.47389002553,11.490527798281846,1640.9431079284418,0.0,0,inf,1000.0,0.0,5.586764778005113,0.0,0.0,11,16,11,0,0.192408573248256,0.274321294004341,0.18616589513409865
1000,low,0,786,0.0,0.25,tickets,365,1,True,234,40,9.0,3,15,0.025,0.45,0.025,2493.4049516155173,5736.318795,478.4821917808219,1.0,0,0.4583068493150685,0.51203330137605,10825.844997741915,10.825844997741916,101856.23312880576,10.858034982051452,854.7672393435554,0.0,0,inf,1000.0,0.0,5.315866625761176,0.0,0.0,10,13,17,0,0.22454105730277246,0.16679833377911468,0.27111090622196216
1000,low,0,786,0.0,0.25,tickets,365,2,True,241,35,10.4,4,18,0.0,0.6857142857142857,0.05714285714285714,3181.7000040033445,7390.613869888221,515.4,1.0,0,0.49473150684931505,0.474710583599097,11153.636986329715,11.153636986329715,110015.23143716596,11.727797060712296,744.0219759352829,0.0,0,inf,1000.0,0.0,5.751116287433194,0.0,0.0,9,10,16,0,0.25261171011585165,0.14223394176432863,0.26954524003394453
1000,low,5,100,0.0,0.25,tickets,365,0,True,216,36,9.916666666666666,4,17,0.0,0.5555555555555556,0.08333333333333333,3046.0085874125743,6164.360010348903,525.2109589041096,1.0,0,0.4955132687135716,0.47887432627141846,8828.16059778868,9.952830437191295,110553.26852538483,11.785152662289805,2147.938128921977,11484.0,113,3.230088495575221,887.0,0.11299999999999999,18.383046469487542,0.06482978789996975,0.0,12,13,7,4,0.3094161566732763,0.20727010061927803,0.15582540486471225
1000,low,5,100,0.0,0.25,tickets,365,1,True,234,35,10.228571428571428,4,15,0.0,0.6857142857142857,0.02857142857142857,3602.6908786220256,6023.037594997001,537.4465753424657,1.0,0,0.5101549462265901,0.46076359336771866,10037.524221945183,11.278117103309194,113942.62887648276,12.146463817518377,1161.5591458485464,11171.0,110,3.3181818181818183,890.0,0.10999999999999999,18.26364332383352,0.06160026100077485,0.0,7,20,7,1,0.18104258435434553,0.3336350816516012,0.14206316115058198
1000,low,5,100,0.0,0.25,tickets,365,2,True,241,37,9.756756756756756,3,15,0.02702702702702703,0.5405405405405406,0.05405405405405406,2989.1901511195965,5615.221783238802,494.45753424657534,1.0,0,0.46729607053350253,0.5044772596186409,9719.769082099867,10.97039399785538,104908.51388012353,11.183412920689138,1118.3011356539942,11522.0,114,3.2017543859649122,886.0,0.11399999999999999,18.235517531449453,0.06901710467261757,0.0,9,15,9,4,0.21306311684109888,0.2603233830260651,0.18799674993772975
1000,low,5,300,0.0,0.25,tickets,365,0,True,216,36,10.0,4,18,0.0,0.5833333333333334,0.08333333333333333,3438.7987604394566,6904.215316550877,565.8520547945205,1.0,0,0.518374972116886,0.4562764411980904,9091.017128716923,9.430515693689754,119614.06152672802,12.751047476496202,1622.307725161607,10898.0,36,10.13888888888889,964.0,0.03600000000000003,9.945179533883127,0.05699732734244877,0.0,11,9,14,2,0.2571105564858965,0.16690011899376944,0.25860222959854956
1000,low,5,300,0.0,0.25,tickets,365,1,True,234,37,9.72972972972973,3,16,0.02702702702702703,0.6216216216216216,0.05405405405405406,3123.8672749199995,6636.860182475999,521.9808219178083,1.0,0,0.47498199038370253,0.5014917382416432,8425.745882661427,8.767685621916158,110594.17901877718,11.789513785362415,1503.288747423669,11858.0,39,9.35897435897436,961.0,0.039000000000000035,9.781590322077347,0.06731995612078331,0.0,7,14,13,3,0.1425969520810491,0.22289280302164358,0.2578095347256334
1000,low,5,300,0.0,0.25,tickets,365,2,True,241,36,10.13888888888889,3,16,0.027777777777777776,0.6388888888888888,0.027777777777777776,3477.0717541025897,5734.73938569739,558.9479452054794,1.0,0,0.5133015149528721,0.4630344435469771,8483.39322951352,8.809338763773125,118997.33394163795,12.68530334393206,867.9349634138296,11342.0,37,9.864864864864865,963.0,0.03700000000000003,10.060441118511285,0.06007862128460513,0.0,9,12,13,2,0.29911921780658735,0.21970875222556008,0.19674678610222218
1000,low,5,786,0.0,0.25,tickets,365,0,True,216,35,10.114285714285714,4,16,0.0,0.5714285714285714,0.08571428571428572,3556.535029843849,6885.9613650367555,564.5315068493151,1.0,0,0.5119271468037121,0.46246020252759545,9289.75962283595,9.412117145730447,118683.41723234106,12.651839327972572,3451.771749444762,10677.0,13,28.076923076923077,987.0,0.013000000000000012,7.380261004784051,0.05592708707426209,0.0,15,9,10,1,0.33768599585861836,0.15327102943869955,0.2031034386419347
1000,low,5,786,0.0,0.25,tickets,365,1,True,234,37,9.756756756756756,4,17,0.0,0.5135135135135135,0.13513513513513514,2813.0499714217544,7408.755559349998,552.6,1.0,0,0.5004330461069982,0.4774809372443894,8007.241163921108,8.120934243327696,117032.17671757226,12.47581448666053,2004.7451907977593,11373.0,14,26.071428571428573,986.0,0.014000000000000012,7.4719845357496135,0.06098195826454271,0.0,10,13,12,2,0.3327469669196724,0.18054286790310034,0.2109868826932598
1000,low,5,786,0.0,0.25,tickets,365,2,True,241,39,9.256410256410257,3,16,0.02564102564102564,0.46153846153846156,0.1282051282051282,2493.8728604550456,6292.195199999999,518.6191780821918,1.0,0,0.4688223938223938,0.49998856598262614,11309.14597469987,11.469722083874107,110339.87243111736,11.76240430231797,845.6371928717299,11173.0,14,26.071428571428573,986.0,0.014000000000000012,7.1766286967120925,0.06378898656073029,0.0,6,14,17,2,0.16112016687506495,0.2305229978400193,0.26910742524964554
1000,low,25,100,0.0,0.25,tickets,365,0,True,216,36,10.11111111111111,5,15,0.0,0.5277777777777778,0.027777777777777776,3330.3891561459045,5728.436407267694,577.2109589041096,1.0,0,0.5340010343955393,0.4531329540818594,3408.0649262103884,6.98373960289014,120305.50971114686,12.824756942712193,1132.912808788675,56203.0,556,0.6564748201438849,488.0,0.512,119.73169942150038,0.28820212452891086,0.0,9,12,2,13,0.23956399618358698,0.21098802288990742,0.11179396271055804
1000,low,25,100,0.0,0.25,tickets,365,1,True,234,36,9.833333333333334,3,15,0.027777777777777776,0.5555555555555556,0.05555555555555555,3230.0486632274,7105.490086499996,583.586301369863,1.0,0,0.5482235045186387,0.44236600404312165,2477.2459976765217,5.327410747691444,121341.13863844943,12.935156618565664,3424.711812341505,56374.0,557,0.6552962298025135,465.0,0.5349999999999999,125.71346741211555,0.2858940232572333,0.0,7,14,2,13,0.17509903756323658,0.24852507777721083,0.08471517482488897
1000,low,25,100,0.0,0.25,tickets,365,2,True,241,38,9.552631578947368,5,16,0.0,0.5263157894736842,0.05263157894736842,3235.0648944695577,5612.0845119114465,544.3178082191781,1.0,0,0.498836528444218,0.488836188335824,3242.1494505483547,7.10997686523762,113902.79286402425,12.142217235806752,1179.0499807317353,56000.0,553,0.6600361663652803,456.0,0.544,126.77244346014155,0.30449072862348747,0.0,9,10,5,14,0.26088588177473415,0.21828570609429535,0.1791013908483773
1000,low,25,300,0.0,0.25,tickets,365,0,True,216,37,9.54054054054054,3,16,0.02702702702702703,0.4864864864864865,0.02702702702702703,3501.1067310961316,6266.66460579865,644.8438356164384,1.0,0,0.49876740883961207,0.4818001791334619,6432.322705032659,7.931347355157409,134297.29794056693,14.316303619726837,3903.9157664125883,57088.0,189,1.9312169312169312,811.0,0.18899999999999995,30.32352479165413,0.2621936711872472,0.0,7,6,10,14,0.19789015542783456,0.1064038186311471,0.26262573100987424
1000,low,25,300,0.0,0.25,tickets,365,1,True,234,33,10.93939393939394,4,17,0.0,0.696969696969697,0.09090909090909091,4401.698796668732,8008.229312389569,676.668493150685,1.0,0,0.5374357734389168,0.4425833901573449,6610.859532540839,8.121449057175477,142194.27242907626,15.158133546228923,2269.6371985865712,56344.0,186,1.9623655913978495,814.0,0.18600000000000005,30.48231176079878,0.24661111650957146,0.0,2,14,6,11,0.1068028639852731,0.2800119515212325,0.16443966651488295
1000,low,25,300,0.0,0.25,tickets,365,2,True,241,39,9.23076923076923,4,15,0.0,0.4358974358974359,0.07692307692307693,3207.1267652513043,6447.314930217531,617.6767123287672,1.0,0,0.477467183608989,0.49844434323243064,7990.002015862063,9.791669137085862,130055.48284658023,13.864119445394982,1654.6880295753915,55551.0,184,1.983695652173913,816.0,0.18400000000000005,29.43439873753544,0.2662118765857034,0.0,6,10,7,16,0.16164366505137334,0.25045159907450526,0.1508680135808977
1000,low,25,786,0.0,0.25,tickets,365,0,True,216,36,9.916666666666666,4,15,0.0,0.5833333333333334,0.08333333333333333,3782.711041071033,7386.2251472129565,673.6109589041096,1.0,0,0.4995809885261875,0.46953971100251907,10870.100472603985,11.713470336857743,141335.26634710404,15.06656214405411,2161.1542281086595,56828.0,72,5.069444444444445,928.0,0.07199999999999995,15.171416810405479,0.24979663884686093,0.0,8,10,7,11,0.19704631737938103,0.2679261011279298,0.1459594617306177
1000,low,25,786,0.0,0.25,tickets,365,1,True,234,38,9.289473684210526,5,14,0.0,0.4473684210526316,0.0,3283.9146764803254,6798.920151970287,614.2356164383561,1.0,0,0.4394629033129302,0.530007795762284,10738.467895186935,11.584107761798204,128732.36390482534,13.723072880902246,2910.7010664892664,57914.0,73,5.0,927.0,0.07299999999999995,14.530875463949917,0.27930471551677993,0.0,3,12,18,5,0.06794801333515313,0.22871011412834683,0.429850569173118
1000,low,25,786,0.0,0.25,tickets,365,2,True,241,37,9.621621621621621,5,15,0.0,0.4594594594594595,0.05405405405405406,3423.3375507763903,7130.711955348977,642.0410958904109,1.0,0,0.47268604060409447,0.49825518689456455,10238.248256625051,11.020719328982832,134906.23812986782,14.381217603626522,2913.6632363697827,56062.0,71,5.140845070422535,929.0,0.07099999999999995,14.64724640810334,0.25849922123365127,0.0,4,15,9,9,0.1111209053966944,0.32528002004834466,0.22601059900472048
1000,med,0,100,0.0,0.25,tickets,365,0,True,216,40,8.85,4,16,0.0,0.425,0.025,3932.856376088015,7316.275050000001,762.2,1.0,0,0.7302767123287671,0.24933810289963193,7440.592441634295,7.440592441634295,161036.45849868978,17.16674027747792,4900.126203668709,0.0,0,inf,1000.0,0.0,8.217701699737951,0.0,0.0,11,14,15,0,0.20230153999076736,0.2417294123374445,0.2010001309370991
1000,med,0,100,0.0,0.25,tickets,365,1,True,234,40,9.0,4,15,0.0,0.45,0.025,4031.8281058668654,6761.053289362308,736.8684931506849,1.0,0,0.7066986301369863,0.26242882349453117,11268.479424496134,11.268479424496133,156739.53571649638,16.708681536730758,2215.249993810105,0.0,0,inf,1000.0,0.0,8.13285714329928,0.0,0.0,7,13,20,0,0.23163899923944425,0.16759542571768446,0.2515019471072886
1000,med,0,100,0.0,0.25,tickets,365,2,True,241,37,9.702702702702704,5,17,0.0,0.5135135135135135,0.02702702702702703,4076.3770437014996,9154.13750009185,740.8328767123288,1.0,0,0.7115835616438356,0.2610247408947252,9997.96957342533,9.99796957342533,157679.03418383023,16.80883355404515,2633.584285275352,0.0,0,inf,1000.0,0.0,8.160286836766048,0.0,0.0,7,7,23,0,0.24615515942772698,0.13122823589547639,0.26468713410074896
1000,med,0,300,0.0,0.25,tickets,365,0,True,216,40,8.85,4,16,0.0,0.425,0.025,3932.856376088015,7316.275050000001,762.2,1.0,0,0.7302767123287671,0.24933810289963193,7440.592441634295,7.440592441634295,161036.45849868978,17.16674027747792,4900.126203668709,0.0,0,inf,1000.0,0.0,8.217701699737951,0.0,0.0,11,14,15,0,0.20230153999076736,0.2417294123374445,0.2010001309370991
1000,med,0,300,0.0,0.25,tickets,365,1,True,234,40,9.0,4,15,0.0,0.45,0.025,4031.8281058668654,6761.053289362308,736.8684931506849,1.0,0,0.7066986301369863,0.26242882349453117,11268.479424496134,11.268479424496133,156739.53571649638,16.708681536730758,2215.249993810105,0.0,0,inf,1000.0,0.0,8.13285714329928,0.0,0.0,7,13,20,0,0.23163899923944425,0.16759542571768446,0.2515019471072886
1000,med,0,300,0.0,0.25,tickets,365,2,True,241,37,9.702702702702704,5,17,0.0,0.5135135135135135,0.02702702702702703,4076.3770437014996,9154.13750009185,740.8328767123288,1.0,0,0.7115835616438356,0.2610247408947252,9997.96957342533,9.99796957342533,157679.03418383023,16.80883355404515,2633.584285275352,0.0,0,inf,1000.0,0.0,8.160286836766048,0.0,0.0,7,7,23,0,0.24615515942772698,0.13122823589547639,0.26468713410074896
1000,med,0,786,0.0,0.25,tickets,365,0,True,216,40,8.85,4,16,0.0,0.425,0.025,3932.856376088015,7316.275050000001,762.2,1.0,0,0.7302767123287671,0.24933810289963193,7440.592441634295,7.440592441634295,161036.45849868978,17.16674027747792,4900.126203668709,0.0,0,inf,1000.0,0.0,8.217701699737951,0.0,0.0,11,14,15,0,0.20230153999076736,0.2417294123374445,0.2010001309370991
1000,med,0,786,0.0,0.25,tickets,365,1,True,234,40,9.0,4,15,0.0,0.45,0.025,4031.8281058668654,6761.053289362308,736.8684931506849,1.0,0,0.7066986301369863,0.26242882349453117,11268.479424496134,11.268479424496133,156739.53571649638,16.708681536730758,2215.249993810105,0.0,0,inf,1000.0,0.0,8.13285714329928,0.0,0.0,7,13,20,0,0.23163899923944425,0.16759542571768446,0.2515019471072886
1000,med,0,786,0.0,0.25,tickets,365,2,True,241,37,9.702702702702704,5,17,0.0,0.5135135135135135,0.02702702702702703,4076.3770437014996,9154.13750009185,740.8328767123288,1.0,0,0.7115835616438356,0.2610247408947252,9997.96957342533,9.99796957342533,157679.03418383023,16.80883355404515,2633.584285275352,0.0,0,inf,1000.0,0.0,8.160286836766048,0.0,0.0,7,7,23,0,0.24615515942772698,0.13122823589547639,0.26468713410074896
1000,med,5,100,0.0,0.25,tickets,365,0,True,216,40,9.1,5,15,0.0,0.375,0.05,3887.5733799988698,7597.643067257382,757.3150684931506,1.0,0,0.7325357810936617,0.2468720303175185,7100.289586368039,7.986827431235139,160576.22397012246,17.117678551379996,1523.902883657087,11241.0,111,3.2882882882882885,889.0,0.11099999999999999,21.129110034219167,0.044012734244989506,0.0,10,16,11,3,0.22071099571503358,0.29075749548847335,0.15850229445683878
1000,med,5,100,0.0,0.25,tickets,365,1,True,234,36,10.083333333333334,5,17,0.0,0.5555555555555556,0.05555555555555555,4609.65926783475,8177.576171840825,764.2575342465753,1.0,0,0.7398865543417457,0.2409731359613611,6603.617388834873,7.4365060685077395,162118.81813645555,17.282121520716704,2002.899217923983,11360.0,112,3.2589285714285716,888.0,0.11199999999999999,21.321582091406018,0.04408612172616273,0.0,6,22,8,0,0.2265963587041219,0.37950049058437085,0.11401071650264206
1000,med,5,100,0.0,0.25,tickets,365,2,True,241,36,9.805555555555555,5,14,0.0,0.6111111111111112,0.0,4583.4318359951985,7552.761793115296,763.1095890410959,1.0,0,0.740435668154097,0.24228192531494816,5956.657929397992,6.707948118691433,160904.5408277268,17.15267764584441,5260.945682365084,11343.0,112,3.2589285714285716,888.0,0.11199999999999999,21.056508373223817,0.04395856894106665,0.0,6,12,15,3,0.16015110749068648,0.23238867094208085,0.20746498758341558
1000,med,5,300,0.0,0.25,tickets,365,0,True,216,35,10.314285714285715,6,15,0.0,0.6285714285714286,0.02857142857142857,5331.196723397849,7715.759017019356,805.6739726027397,1.0,0,0.7537194829528345,0.22272921266444076,8446.722419472932,8.76216018617524,171023.87711767422,18.23141484293322,2043.2840705117746,10911.0,36,10.13888888888889,964.0,0.03600000000000003,12.729020942793165,0.04004135055819853,0.0,8,10,17,0,0.21900906820696434,0.1967705453638061,0.25723857723380017
1000,med,5,300,0.0,0.25,tickets,365,1,True,234,35,10.085714285714285,6,14,0.0,0.6857142857142857,0.0,4851.575068033963,7055.254246292217,788.4,1.0,0,0.7361844180275935,0.24420613131909763,7025.536713913023,7.303052717165305,166111.47978663736,17.707745545260657,5573.906597415322,11500.0,38,9.605263157894736,962.0,0.038000000000000034,12.488587535974332,0.04322956846882536,0.0,6,16,11,2,0.16065067871833325,0.3012317315480471,0.15673338995757471
1000,med,5,300,0.0,0.25,tickets,365,2,True,241,42,8.523809523809524,4,14,0.0,0.38095238095238093,0.0,3811.7745076707515,7027.046711664211,770.8027397260274,1.0,0,0.7214173342556848,0.2601006031694097,6625.893361353935,6.873333362400348,163197.45981347616,17.397106423480366,4097.31252226657,10989.0,36,10.13888888888889,964.0,0.03600000000000003,12.18957751868566,0.04214784089172292,0.0,10,9,21,2,0.2883617545685138,0.14734343223451182,0.22607272345029697
1000,med,5,786,0.0,0.25,tickets,365,0,True,216,37,9.594594594594595,4,14,0.0,0.5135135135135135,0.0,4625.4631164201855,7446.200053009498,805.2767123287671,1.0,0,0.7447958885451648,0.23395209147500254,7707.980134565463,7.809503682437146,170081.0424102704,18.130907177169288,4389.1012512430025,10929.0,13,28.076923076923077,987.0,0.013000000000000012,10.071046248538702,0.04024822574389472,0.0,8,11,15,3,0.20312369785691536,0.2127052615466184,0.20307332292139738
1000,med,5,786,0.0,0.25,tickets,365,1,True,234,36,9.944444444444445,3,15,0.027777777777777776,0.5555555555555556,0.08333333333333333,4499.624114720062,8011.146993779154,793.9479452054794,1.0,0,0.7335249480736926,0.23813643709356536,10273.68305115854,10.419556847016775,168354.31281685198,17.946835081098634,3042.294112814262,11520.0,14,26.071428571428573,986.0,0.014000000000000012,10.156119647165402,0.0430206597168304,0.0,7,10,16,3,0.2052879012919975,0.2075495059529197,0.21497583081644453
1000,med,5,786,0.0,0.25,tickets,365,2,True,241,41,8.75609756097561,3,14,0.024390243902439025,0.43902439024390244,0.0,4015.1304469677184,7480.116909594965,786.8054794520548,1.0,0,0.7286554932358278,0.24928306573343958,8000.493344031136,8.105869649474302,167090.43959496764,17.812104203718317,2802.0391340903147,10993.0,13,28.076923076923077,987.0,0.013000000000000012,9.996202719602001,0.04134283246977547,0.0,10,11,19,1,0.2979648051334286,0.19738644951387763,0.20856425169865012
1000,med,25,100,0.0,0.25,tickets,365,0,True,216,38,9.578947368421053,4,15,0.0,0.5263157894736842,0.02631578947368421,4060.157158457203,7492.761954714709,761.6301369863014,1.0,0,0.7743061695139707,0.21734227461296296,2219.9020119521074,4.548979532688745,159451.03034875545,16.99773113798081,1377.5650234842608,56079.0,554,0.6588447653429603,488.0,0.512,123.54276425871277,0.21792478281983488,0.0,8,15,6,9,0.16332253818473846,0.26412184009183354,0.19427489396406053
1000,med,25,100,0.0,0.25,tickets,365,1,True,234,42,8.523809523809524,4,14,0.0,0.38095238095238093,0.0,3521.024192729154,6685.407061660467,721.8739726027397,1.0,0,0.7254944716174607,0.2584710551246317,4265.025576344073,9.172098013643167,150837.6038029077,16.079526293002147,2165.62935185842,55277.0,546,0.6684981684981685,465.0,0.5349999999999999,126.97547462630938,0.22678796435457182,0.0,5,13,9,15,0.1218692794918875,0.18133784673738015,0.23464878963950003
1000,med,25,100,0.0,0.25,tickets,365,2,True,241,39,9.256410256410257,4,16,0.0,0.4358974358974359,0.07692307692307693,4101.578416061519,8214.580264280725,741.2493150684932,1.0,0,0.7520710170223148,0.23731485884926587,2827.761879672862,6.18766275639576,155440.72749800194,16.5702265336525,1412.7530055941143,54986.0,543,0.6721915285451197,457.0,0.5429999999999999,129.19927507616978,0.2195811587989178,0.0,11,15,8,5,0.3148029922306182,0.2460705359137525,0.17338586610082102
1000,med,25,300,0.0,0.25,tickets,365,0,True,216,39,9.333333333333334,4,16,0.0,0.48717948717948717,0.05128205128205128,4675.290597829332,7829.660119031647,875.0958904109589,1.0,0,0.7441750929177221,0.2375961190060899,6037.502212349969,7.435347552155135,184420.1767074678,19.65948149244378,1919.3752190892462,56621.0,188,1.9414893617021276,812.0,0.18799999999999994,33.54811221173729,0.19152186844494537,0.0,6,9,12,12,0.18050701869855326,0.1583081878800248,0.20587971249102133
1000,med,25,300,0.0,0.25,tickets,365,1,True,234,35,10.371428571428572,5,15,0.0,0.6,0.11428571428571428,5819.828911116139,8542.922579999995,883.9671232876713,1.0,0,0.757765231568142,0.2260012255828743,5376.874062440324,6.59739148765684,186408.49344463463,19.871439190312444,2610.6883550226544,55770.0,185,1.972972972972973,815.0,0.18500000000000005,33.1630781999029,0.18679799657831445,0.0,5,16,9,5,0.18566077454229934,0.3696880304902081,0.15017371161345106
1000,med,25,300,0.0,0.25,tickets,365,2,True,241,37,9.72972972972973,4,15,0.0,0.5405405405405406,0.05405405405405406,5082.336563133145,8802.249182296428,870.0,1.0,0,0.7419320713199757,0.23860788251591844,6438.297893255917,7.92893829218709,183697.30673359768,19.582422413949967,2235.121145925919,56632.0,188,1.9414893617021276,812.0,0.18799999999999994,33.48079202112886,0.1927696425759723,0.0,6,15,10,6,0.18671898702112422,0.3101656666513891,0.19082417687122527
1000,med,25,786,0.0,0.25,tickets,365,0,True,216,34,10.382352941176471,3,16,0.029411764705882353,0.6176470588235294,0.058823529411764705,6171.432249715921,9246.428094807667,938.6273972602739,1.0,0,0.7659812426196748,0.2199143036242348,4968.829804825571,5.348578907239581,196539.6307465858,20.951434393879843,6966.063909559167,56047.0,71,5.140845070422535,929.0,0.07099999999999995,17.909440728171813,0.1767839369058287,0.0,5,14,10,5,0.16994668970605245,0.2959609672202743,0.18479904136452074
1000,med,25,786,0.0,0.25,tickets,365,1,True,234,39,9.282051282051283,5,15,0.0,0.48717948717948717,0.02564102564102564,4879.787584760066,7999.286275428018,895.0657534246575,1.0,0,0.7215084473620643,0.2603034684032675,6400.114020916251,6.896674591504581,188965.19615543244,20.143987728774913,2235.4907647885207,56836.0,72,5.069444444444445,928.0,0.07199999999999995,17.868535303579737,0.18810281023204847,0.0,7,12,18,2,0.22131221400259354,0.22356661360929492,0.29098572108809784
1000,med,25,786,0.0,0.25,tickets,365,2,True,241,37,9.621621621621621,5,15,0.0,0.4594594594594595,0.05405405405405406,4882.541078598839,8605.694201446415,907.1808219178082,1.0,0,0.7365012945130814,0.24588923716521924,6203.040873128499,6.677116117468782,190878.41771850226,20.34794016273109,5254.050388192885,56185.0,71,5.140845070422535,929.0,0.07099999999999995,17.685702724278716,0.18336499346160468,0.0,7,13,9,8,0.2027104802781294,0.2922189927014856,0.1284468604450544
1000,high,0,100,0.0,0.25,tickets,365,0,True,216,41,8.853658536585366,5,15,0.0,0.36585365853658536,0.024390243902439025,4923.511757943063,7877.09745,948.7369863013698,1.0,0,0.9094301369863014,0.07907401669512586,4195.983906279058,4.195983906279058,201668.0949131233,21.49813675674891,2950.1542432549827,0.0,0,inf,1000.0,0.0,10.458838982624643,0.0,0.0,11,17,13,0,0.25270775320625105,0.29624958293998216,0.15733668015074545
1000,high,0,100,0.0,0.25,tickets,365,1,True,234,39,9.282051282051283,4,15,0.0,0.46153846153846156,0.02564102564102564,5359.939366845657,7856.82765,936.1808219178082,1.0,0,0.9006657534246575,0.0807270682261332,6791.620097461364,6.791620097461364,199928.89866105048,21.31273569521762,2349.6137490588358,0.0,0,inf,1000.0,0.0,10.398909732210084,0.0,0.0,6,8,25,0,0.20787225722752128,0.1284467498042404,0.2801706505318359
1000,high,0,100,0.0,0.25,tickets,365,2,True,241,36,10.027777777777779,5,15,0.0,0.6111111111111112,0.027777777777777776,5708.827696050001,9196.674168478821,942.7095890410959,1.0,0,0.9076356164383562,0.07647846539261548,5798.3601316953445,5.798360131695344,201291.92803826605,21.45803677503131,2883.3714928550426,0.0,0,inf,1000.0,0.0,10.442555607653214,0.0,0.0,6,9,21,0,0.22730901889835786,0.18581937207608376,0.2355050972926837
1000,high,0,300,0.0,0.25,tickets,365,0,True,216,41,8.853658536585366,5,15,0.0,0.36585365853658536,0.024390243902439025,4923.511757943063,7877.09745,948.7369863013698,1.0,0,0.9094301369863014,0.07907401669512586,4195.983906279058,4.195983906279058,201668.0949131233,21.49813675674891,2950.1542432549827,0.0,0,inf,1000.0,0.0,10.458838982624643,0.0,0.0,11,17,13,0,0.25270775320625105,0.29624958293998216,0.15733668015074545
1000,high,0,300,0.0,0.25,tickets,365,1,True,234,39,9.282051282051283,4,15,0.0,0.46153846153846156,0.02564102564102564,5359.939366845657,7856.82765,936.1808219178082,1.0,0,0.9006657534246575,0.0807270682261332,6791.620097461364,6.791620097461364,199928.89866105048,21.31273569521762,2349.6137490588358,0.0,0,inf,1000.0,0.0,10.398909732210084,0.0,0.0,6,8,25,0,0.20787225722752128,0.1284467498042404,0.2801706505318359
1000,high,0,300,0.0,0.25,tickets,365,2,True,241,36,10.027777777777779,5,15,0.0,0.6111111111111112,0.027777777777777776,5708.827696050001,9196.674168478821,942.7095890410959,1.0,0,0.9076356164383562,0.07647846539261548,5798.3601316953445,5.798360131695344,201291.92803826605,21.45803677503131,2883.3714928550426,0.0,0,inf,1000.0,0.0,10.442555607653214,0.0,0.0,6,9,21,0,0.22730901889835786,0.18581937207608376,0.2355050972926837
1000,high,0,786,0.0,0.25,tickets,365,0,True,216,41,8.853658536585366,5,15,0.0,0.36585365853658536,0.024390243902439025,4923.511757943063,7877.09745,948.7369863013698,1.0,0,0.9094301369863014,0.07907401669512586,4195.983906279058,4.195983906279058,201668.0949131233,21.49813675674891,2950.1542432549827,0.0,0,inf,1000.0,0.0,10.458838982624643,0.0,0.0,11,17,13,0,0.25270775320625105,0.29624958293998216,0.15733668015074545
1000,high,0,786,0.0,0.25,tickets,365,1,True,234,39,9.282051282051283,4,15,0.0,0.46153846153846156,0.02564102564102564,5359.939366845657,7856.82765,936.1808219178082,1.0,0,0.9006657534246575,0.0807270682261332,6791.620097461364,6.791620097461364,199928.89866105048,21.31273569521762,2349.6137490588358,0.0,0,inf,1000.0,0.0,10.398909732210084,0.0,0.0,6,8,25,0,0.20787225722752128,0.1284467498042404,0.2801706505318359
1000,high,0,786,0.0,0.25,tickets,365,2,True,241,36,10.027777777777779,5,15,0.0,0.6111111111111112,0.027777777777777776,5708.827696050001,9196.674168478821,942.7095890410959,1.0,0,0.9076356164383562,0.07647846539261548,5798.3601316953445,5.798360131695344,201291.92803826605,21.45803677503131,2883.3714928550426,0.0,0,inf,1000.0,0.0,10.442555607653214,0.0,0.0,6,9,21,0,0.22730901889835786,0.18581937207608376,0.2355050972926837
1000,high,5,100,0.0,0.25,tickets,365,0,True,216,41,8.902439024390244,5,15,0.0,0.36585365853658536,0.024390243902439025,4874.255652378282,7669.4290273586175,933.4739726027398,1.0,0,0.9114249037227214,0.07652929074011838,4156.971353457389,4.660281786387208,198307.96006927197,21.13994108665369,1416.2418060381733,11013.0,108,3.3796296296296298,892.0,0.10799999999999998,22.975229046869536,0.03491743905517172,0.0,10,15,14,2,0.21235660929226316,0.2879049478771781,0.17331962005260493
1000,high,5,100,0.0,0.25,tickets,365,1,True,234,40,9.125,5,14,0.0,0.45,0.0,4884.4241999999995,7997.810800745342,922.1452054794521,1.0,0,0.9028533848636465,0.07895120646229303,6280.491016616777,7.056731479344694,196709.4572573491,20.969538167582286,1150.2196794221227,11133.0,110,3.3181818181818183,890.0,0.10999999999999999,23.158863184702422,0.03574452661007835,0.0,8,14,15,3,0.25556158790199807,0.22560157951409646,0.179892678998287
1000,high,5,100,0.0,0.25,tickets,365,2,True,241,40,9.0,5,12,0.0,0.45,0.0,5042.143312895894,7002.843143136701,924.1561643835616,1.0,0,0.9060678183278205,0.07940204102182014,5012.18654748213,5.625349660473771,196502.2529455928,20.947449861384694,3199.2817523401236,11080.0,109,3.3486238532110093,891.0,0.10899999999999999,22.894309908589022,0.03545626221032441,0.0,7,11,22,0,0.19766668380575553,0.20140349432453974,0.25290463623544407
1000,high,5,300,0.0,0.25,tickets,365,0,True,216,38,9.605263157894736,5,15,0.0,0.5,0.02631578947368421,5869.333912499998,9010.23409856475,964.8657534246576,1.0,0,0.9086640475347351,0.07562957735392221,5632.981489057289,5.843341793627893,205307.0679502272,21.886057017707806,1394.8197393628832,11105.0,36,10.13888888888889,964.0,0.03600000000000003,14.636187090625766,0.0341079460269865,0.0,8,13,17,0,0.24155836115661486,0.23834776646394512,0.2176912805226533
1000,high,5,300,0.0,0.25,tickets,365,1,True,234,38,9.5,6,14,0.0,0.5,0.0,5382.216691513917,8225.444122396375,956.5041095890411,1.0,0,0.903563496757921,0.08099726927677686,5533.606723971854,5.7462167434806375,203664.89401247766,21.710998687795396,2966.2067650623567,11373.0,37,9.864864864864865,963.0,0.03700000000000003,14.573163874656622,0.03525108557417995,0.0,6,8,21,3,0.23061288864922672,0.14809304039081297,0.24772587301888346
1000,high,5,300,0.0,0.25,tickets,365,2,True,241,39,9.35897435897436,5,14,0.0,0.46153846153846156,0.0,5273.09085498783,8510.671451071228,964.0219178082192,1.0,0,0.9111857897263562,0.0741599529847807,5250.268684424722,5.457659755119254,205967.1296900389,21.956420639462067,1354.1168678912604,11592.0,38,9.605263157894736,962.0,0.038000000000000034,14.899980447284403,0.03561278661316175,0.0,6,13,20,0,0.19107431838206518,0.232511074405423,0.24094048660774844
1000,high,5,786,0.0,0.25,tickets,365,0,True,216,38,9.526315789473685,4,16,0.0,0.5526315789473685,0.05263157894736842,5824.368442655931,9649.12119784068,983.9698630136986,1.0,0,0.9180418269297048,0.06998349688880601,4343.035430883378,4.400238531796735,208914.60709669662,22.270626376383678,2955.910129249284,10851.0,13,28.076923076923077,987.0,0.013000000000000012,12.218263003640285,0.03269673589512988,0.0,12,14,12,0,0.30456167628166037,0.2927971515117896,0.15203104090926828
1000,high,5,786,0.0,0.25,tickets,365,1,True,234,36,9.88888888888889,4,17,0.0,0.5,0.08333333333333333,5249.532229155724,10280.286777960002,973.827397260274,1.0,0,0.910154569225168,0.07661638280192028,4796.270716866991,4.864371923800194,206537.10804271488,22.017181230171737,5517.457480398426,11434.0,14,26.071428571428573,986.0,0.014000000000000012,12.062153161539191,0.0348265704873019,0.0,8,10,16,2,0.269342243629646,0.22211469192103828,0.1879784308446774
1000,high,5,786,0.0,0.25,tickets,365,2,True,241,37,9.675675675675675,4,15,0.0,0.5405405405405406,0.05405405405405406,5611.527487919939,8822.851404442212,976.4684931506849,1.0,0,0.9135573682788137,0.07437733886691718,4375.14062540074,4.437262297566673,207427.08586776245,22.112054268971395,4985.179570265525,11286.0,14,26.071428571428573,986.0,0.014000000000000012,12.138071584469714,0.03419647541742539,0.0,8,17,11,1,0.2972912392338758,0.33997236592135976,0.12514556242300315
1000,high,25,100,0.0,0.25,tickets,365,0,True,216,38,9.578947368421053,5,15,0.0,0.5263157894736842,0.02631578947368421,4937.942524255725,7763.429964338276,879.3013698630137,1.0,0,0.9273517950262617,0.06814250662608737,1196.690952644336,2.4522355586974096,184033.1981383089,19.61822896707385,1564.8052127344388,55956.0,553,0.6600361663652803,488.0,0.512,125.98156818172438,0.18833133402919502,0.0,9,13,8,8,0.20044598311182416,0.22796266939691412,0.2312838671270948
1000,high,25,100,0.0,0.25,tickets,365,1,True,234,39,9.282051282051283,5,15,0.0,0.38461538461538464,0.02564102564102564,5094.763573764377,8854.990588195096,863.4328767123287,1.0,0,0.9141547316793864,0.08056285980705996,1402.2998584590064,3.0156986203419494,181090.23373017032,19.30450432290709,2176.7955555228114,55118.0,545,0.6697247706422018,465.0,0.5349999999999999,130.19665471657066,0.18897805193033226,0.0,9,11,11,8,0.2526497824188516,0.18472678187878694,0.2385709956190005
1000,high,25,100,0.0,0.25,tickets,365,2,True,241,41,8.878048780487806,5,15,0.0,0.34146341463414637,0.024390243902439025,4234.546237673135,8209.380138614997,865.0520547945206,1.0,0,0.9172733088783649,0.07555881151048181,1893.4599102026452,4.152324364479485,181937.58804420067,19.39483362825553,1050.7934762377415,56218.0,556,0.6564748201438849,456.0,0.544,135.25698461469946,0.19234253065774806,0.0,10,18,7,6,0.31818759886576653,0.25790450436616597,0.14579241600024653
1000,high,25,300,0.0,0.25,tickets,365,0,True,216,38,9.552631578947368,5,16,0.0,0.47368421052631576,0.05263157894736842,5979.244381431139,8984.965499999997,1036.8739726027397,1.0,0,0.9152090118534125,0.07356128281184368,3720.3676882846285,4.576098017570269,218821.07576584775,23.32667154960557,2292.227855625784,56438.0,187,1.9518716577540107,813.0,0.18700000000000006,35.59435385501305,0.16116673140287324,0.0,6,11,12,9,0.15981095087818198,0.23508544995465747,0.1790674779642499
1000,high,25,300,0.0,0.25,tickets,365,1,True,234,38,9.526315789473685,5,16,0.0,0.4473684210526316,0.07894736842105263,5734.372646830403,10385.773672499996,1025.504109589041,1.0,0,0.9076019431857,0.07821800215740636,4690.719540336483,5.769642731041184,216979.07507712132,23.130311373102067,2581.459784059938,56565.0,187,1.9518716577540107,813.0,0.18700000000000006,35.45638320587984,0.16338105682738058,0.0,8,10,14,6,0.33360692695162825,0.1785689324763287,0.21411559561683513
1000,high,25,300,0.0,0.25,tickets,365,2,True,241,36,9.972222222222221,6,15,0.0,0.5833333333333334,0.027777777777777776,6221.4363082588625,9196.989386267742,1035.0383561643835,1.0,0,0.9197984248166813,0.06967649036207893,3487.907858910665,4.274396885919932,218567.66895549523,23.29965798424018,4272.296924613113,55575.0,184,1.983695652173913,816.0,0.18400000000000005,34.97455464658324,0.15900145319212577,0.0,5,6,15,10,0.2065920256458554,0.12980145592981115,0.21186209598043973
1000,high,25,786,0.0,0.25,tickets,365,0,True,216,35,10.257142857142858,6,14,0.0,0.6285714285714286,0.0,6817.636378961915,9674.933660999997,1092.4219178082192,1.0,0,0.915853991202646,0.06968445883819066,5089.36650782857,5.4842311506773385,230556.18212801625,24.577652382927642,3792.9600415537234,57426.0,72,5.069444444444445,928.0,0.07199999999999995,20.139038745946955,0.15573038667382264,0.0,6,9,12,8,0.2012720909136354,0.19999071596080045,0.18273549529751315
1000,high,25,786,0.0,0.25,tickets,365,1,True,234,38,9.526315789473685,5,15,0.0,0.47368421052631576,0.02631578947368421,6165.969539422225,9978.146284364493,1075.4712328767123,1.0,0,0.9036778976622063,0.08343324522960799,4535.75637151295,4.887668503785506,227833.73925561632,24.287435682023602,3301.85008427391,56976.0,72,5.069444444444445,928.0,0.07199999999999995,20.0124885579297,0.15695190639592202,0.0,7,9,17,5,0.26588776182519563,0.20728255672309115,0.2147833160012876
1000,high,25,786,0.0,0.25,tickets,365,2,True,241,41,8.78048780487805,5,14,0.0,0.36585365853658536,0.0,5670.200792804106,8957.99164118636,1075.6520547945206,1.0,0,0.9075831603930263,0.07824220516748018,4992.887409601615,5.368696139356575,227823.593717441,24.286354151664234,3913.3675911652545,55645.0,70,5.214285714285714,930.0,0.06999999999999995,19.732533104474797,0.15308968373436438,0.0,7,14,16,4,0.222396844035037,0.2961117953192806,0.1895430854734186
2500,low,0,100,0.0,0.25,tickets,365,0,True,576,38,9.342105263157896,3,17,0.02631578947368421,0.47368421052631576,0.10526315789473684,6204.732178738501,14730.603628176827,1201.2520547945205,1.0,0,0.46134027397260274,0.510898717365963,25331.92040355876,10.132768161423504,254782.86935229745,27.160255423507493,6471.795813566714,0.0,0,inf,2500.0,0.0,5.227601548183809,0.0,0.0027397260273972603,11,9,18,0,0.21252323258633074,0.16607350954619862,0.2602745143217575
2500,low,0,100,0.0,0.25,tickets,365,1,True,584,39,9.179487179487179,4,17,0.0,0.5128205128205128,0.05128205128205128,5857.818748530708,15293.941418928584,1182.3479452054794,1.0,0,0.4530378082191781,0.510466045865203,33302.73314800222,13.321093259200888,251551.5237120676,26.815788885496556,2564.603606210329,0.0,0,inf,2500.0,0.0,5.2418298969654185,0.0,0.0,13,13,13,0,0.2485224527392926,0.19931552905468378,0.22236249259243396
2500,low,0,100,0.0,0.25,tickets,365,2,True,583,33,10.696969696969697,4,15,0.0,0.7272727272727273,0.030303030303030304,8807.250559043152,13753.272721376728,1383.0082191780823,1.0,0,0.5285194520547946,0.4534176046037434,16482.43579908429,6.592974319633717,289893.57164463884,30.903111624094993,12986.539395010943,0.0,0,inf,2500.0,0.0,5.829621731571116,0.0,0.0,11,11,11,0,0.32865844693866786,0.21445988581847023,0.1312139668982654
2500,low,0,300,0.0,0.25,tickets,365,0,True,576,38,9.342105263157896,3,17,0.02631578947368421,0.47368421052631576,0.10526315789473684,6204.732178738501,14730.603628176827,1201.2520547945205,1.0,0,0.46134027397260274,0.510898717365963,25331.92040355876,10.132768161423504,254782.86935229745,27.160255423507493,6471.795813566714,0.0,0,inf,2500.0,0.0,5.227601548183809,0.0,0.0027397260273972603,11,9,18,0,0.21252323258633074,0.16607350954619862,0.2602745143217575
2500,low,0,300,0.0,0.25,tickets,365,1,True,584,39,9.179487179487179,4,17,0.0,0.5128205128205128,0.05128205128205128,5857.818748530708,15293.941418928584,1182.3479452054794,1.0,0,0.4530378082191781,0.510466045865203,33302.73314800222,13.321093259200888,251551.5237120676,26.815788885496556,2564.603606210329,0.0,0,inf,2500.0,0.0,5.2418298969654185,0.0,0.0,13,13,13,0,0.2485224527392926,0.19931552905468378,0.22236249259243396
2500,low,0,300,0.0,0.25,tickets,365,2,True,583,33,10.696969696969697,4,15,0.0,0.7272727272727273,0.030303030303030304,8807.250559043152,13753.272721376728,1383.0082191780823,1.0,0,0.5285194520547946,0.4534176046037434,16482.43579908429,6.592974319633717,289893.57164463884,30.903111624094993,12986.539395010943,0.0,0,inf,2500.0,0.0,5.829621731571116,0.0,0.0,11,11,11,0,0.32865844693866786,0.21445988581847023,0.1312139668982654
2500,low,0,786,0.0,0.25,tickets,365,0,True,576,38,9.342105263157896,3,17,0.02631578947368421,0.47368421052631576,0.10526315789473684,6204.732178738501,14730.603628176827,1201.2520547945205,1.0,0,0.46134027397260274,0.510898717365963,25331.92040355876,10.132768161423504,254782.86935229745,27.160255423507493,6471.795813566714,0.0,0,inf,2500.0,0.0,5.227601548183809,0.0,0.0027397260273972603,11,9,18,0,0.21252323258633074,0.16607350954619862,0.2602745143217575
2500,low,0,786,0.0,0.25,tickets,365,1,True,584,39,9.179487179487179,4,17,0.0,0.5128205128205128,0.05128205128205128,5857.818748530708,15293.941418928584,1182.3479452054794,1.0,0,0.4530378082191781,0.510466045865203,33302.73314800222,13.321093259200888,251551.5237120676,26.815788885496556,2564.603606210329,0.0,0,inf,2500.0,0.0,5.2418298969654185,0.0,0.0,13,13,13,0,0.2485224527392926,0.19931552905468378,0.22236249259243396
2500,low,0,786,0.0,0.25,tickets,365,2,True,583,33,10.696969696969697,4,15,0.0,0.7272727272727273,0.030303030303030304,8807.250559043152,13753.272721376728,1383.0082191780823,1.0,0,0.5285194520547946,0.4534176046037434,16482.43579908429,6.592974319633717,289893.57164463884,30.903111624094993,12986.539395010943,0.0,0,inf,2500.0,0.0,5.829621731571116,0.0,0.0,11,11,11,0,0.32865844693866786,0.21445988581847023,0.1312139668982654
2500,low,5,100,0.0,0.25,tickets,365,0,True,576,39,9.23076923076923,3,17,0.02564102564102564,0.48717948717948717,0.07692307692307693,6189.776761690856,16225.5863115,1192.6876712328767,1.0,0,0.45496955905945213,0.5126603933049455,28934.35551965466,12.081150530127205,254101.13329568235,27.087581285422186,2157.966772089566,10654.0,105,3.4761904761904763,2395.0,0.04200000000000004,9.649238924695833,0.02643505746202315,0.005479452054794521,9,14,16,0,0.21017907785869797,0.20114697640696577,0.25970965192009715
2500,low,5,100,0.0,0.25,tickets,365,1,True,584,36,10.027777777777779,4,17,0.0,0.5833333333333334,0.1111111111111111,7771.611558646422,15544.619027259476,1318.627397260274,1.0,0,0.5028851828252956,0.4698007511321878,24391.76143069398,10.218584596017587,280461.3755014467,29.89762464961757,2258.9085959494164,11474.0,113,3.230088495575221,2387.0,0.04520000000000002,10.574970093694082,0.02578230995701217,0.0,6,15,13,2,0.1610416363206905,0.2298917029620728,0.22842371325314662
2500,low,5,100,0.0,0.25,tickets,365,2,True,583,39,9.307692307692308,3,16,0.05128205128205128,0.5384615384615384,0.05128205128205128,7213.410000000001,14829.060995394428,1306.8219178082193,1.0,0,0.49749626400019714,0.47369214114170577,25719.13113559813,10.752145123577813,277288.65757018985,29.559407917783346,1817.8888034688216,11005.0,108,3.3796296296296298,2392.0,0.043200000000000016,10.29667383360834,0.02490827899955974,0.0,12,15,11,1,0.2851456725630178,0.2155909184295432,0.18999937990246177
2500,low,5,300,0.0,0.25,tickets,365,0,True,576,38,9.605263157894736,3,17,0.05263157894736842,0.5526315789473685,0.07894736842105263,6889.141364012168,14663.95943090886,1279.2027397260274,1.0,0,0.4816814198362067,0.4973985977322999,18953.922482581824,7.695461828088439,272768.0638040066,29.07750549762621,1780.5113487817966,11266.0,37,9.864864864864865,2463.0,0.014800000000000035,7.199906930410105,0.026097162402095482,0.0,5,17,14,2,0.19011603507814587,0.24293484962116502,0.22048138633968284
2500,low,5,300,0.0,0.25,tickets,365,1,True,584,37,9.756756756756756,3,18,0.02702702702702703,0.5675675675675675,0.05405405405405406,7621.821188019986,17997.61848526315,1335.441095890411,1.0,0,0.5019246924742151,0.4684689893886486,26819.14974138807,10.897663446317786,283938.6656859063,30.26830926366431,2570.4560794624936,11759.0,39,9.35897435897436,2461.0,0.015599999999999947,7.503996600139019,0.026105991350659368,0.0,6,15,15,1,0.1659141417455744,0.2774878141218214,0.21138783783197265
2500,low,5,300,0.0,0.25,tickets,365,2,True,583,39,9.256410256410257,3,15,0.07692307692307693,0.4358974358974359,0.07692307692307693,6553.177348674556,14590.448496752479,1284.0191780821917,1.0,0,0.4812833811350083,0.4919774216948612,24221.06001583048,9.837961013741056,271882.61502237327,28.983115261992502,3791.227937355006,11446.0,38,9.605263157894736,2462.0,0.015199999999999991,7.179020412979072,0.026383338276430815,0.0,13,15,9,2,0.2618860897667384,0.24752054168320212,0.15390998224217356
2500,low,5,786,0.0,0.25,tickets,365,0,True,576,36,10.055555555555555,4,19,0.0,0.5555555555555556,0.05555555555555555,7700.404262231587,15347.200018644371,1307.3534246575343,1.0,0,0.4908845612130774,0.47998877938696355,26511.493159074544,10.660029416596117,278525.1370268524,29.69121857661708,2649.5563248135913,10804.0,13,28.076923076923077,2487.0,0.005199999999999982,6.328613418023356,0.024466453192060086,0.0,3,18,14,1,0.05098112200446911,0.34619940344199723,0.21305678948815043
2500,low,5,786,0.0,0.25,tickets,365,1,True,584,37,9.72972972972973,4,15,0.0,0.5675675675675675,0.05405405405405406,6680.13207835059,12847.419000000002,1248.1068493150685,1.0,0,0.4664511011202377,0.5111909588104369,20349.39216525777,8.18559620485027,264069.38981638214,28.15021314099992,5914.338514130186,11306.0,14,26.071428571428573,2486.0,0.005600000000000049,5.99372862912755,0.02683296784829188,0.0,8,17,11,1,0.20970066667147458,0.29357957400732065,0.16076227310967964
2500,low,5,786,0.0,0.25,tickets,365,2,True,583,39,9.307692307692308,3,17,0.05128205128205128,0.46153846153846156,0.10256410256410256,5957.238807061664,16404.903699966144,1271.6520547945206,1.0,0,0.4748223887911011,0.5001083485991277,22816.388256081602,9.177951832695737,269998.89577296196,28.78230782116945,1929.8118357065705,11080.0,14,26.071428571428573,2486.0,0.005600000000000049,6.203620500131562,0.025797527970302894,0.0,13,11,14,1,0.22891371573028615,0.1736644921309403,0.2721800533725785
2500,low,25,100,0.0,0.25,tickets,365,0,True,576,37,9.702702702702704,3,15,0.05405405405405406,0.5675675675675675,0.05405405405405406,7324.776642867129,15199.292949727824,1279.4630136986302,1.0,0,0.47841938776641,0.49849026274001784,18752.61952805944,9.651373920771714,269928.43725923455,28.77479683255996,5129.855674143511,56444.0,557,0.6552962298025135,1943.0,0.2228,34.064540437874804,0.13065626846879255,0.0,10,7,13,7,0.2796074030845009,0.11489524810475635,0.28187850759589506
2500,low,25,100,0.0,0.25,tickets,365,1,True,584,38,9.605263157894736,3,15,0.02631578947368421,0.5263157894736842,0.05263157894736842,7242.687324615399,13491.982703905207,1296.835616438356,1.0,0,0.48550460523075406,0.4884985866696648,21112.527793831843,10.826937330170177,274224.42836958065,29.23275625561984,1673.3105651746764,55713.0,550,0.6636363636363637,1950.0,0.21999999999999997,33.81475876332955,0.12724122996968384,0.0,10,17,5,6,0.23571324344822547,0.24841479886156914,0.13774727306339865
2500,low,25,100,0.0,0.25,tickets,365,2,True,583,36,10.027777777777779,4,18,0.0,0.5277777777777778,0.08333333333333333,7797.084923669965,17729.35622642072,1349.8301369863013,1.0,0,0.5069521131487416,0.46715473021944254,20985.704334857623,10.806232922171793,284689.15217250463,30.34831230593995,2083.3339169869723,56505.0,558,0.6541218637992832,1942.0,0.22319999999999995,34.6129929438341,0.12397095119020557,0.0,10,15,8,3,0.2121633069050543,0.282827654906937,0.18819259353807002
2500,low,25,300,0.0,0.25,tickets,365,0,True,576,37,9.756756756756756,3,17,0.05405405405405406,0.43243243243243246,0.13513513513513514,7479.695161836988,16441.11756074297,1376.8657534246574,1.0,0,0.4829538988204981,0.48857729688205764,25014.855084860683,10.800887342340536,292192.7349037967,31.14820605111759,2737.2922693695978,55685.0,184,1.983695652173913,2316.0,0.0736,14.030669162898183,0.11971800157594377,0.0,4,14,14,5,0.08661480379946633,0.24435316575625246,0.2955226930960781
2500,low,25,300,0.0,0.25,tickets,365,1,True,584,37,9.72972972972973,3,17,0.02702702702702703,0.4864864864864865,0.10810810810810811,8649.492780150009,17887.642600500018,1400.9534246575342,1.0,0,0.4907701803373525,0.4803159652807089,25390.180776120138,10.977164192010436,296551.42732987076,31.612849533254465,3210.8934763625484,56498.0,187,1.9518716577540107,2313.0,0.07479999999999998,14.258940768236112,0.11942942966433819,0.0,11,8,12,6,0.33029992208258835,0.14638210193170523,0.23589547197469177
2500,low,25,300,0.0,0.25,tickets,365,2,True,583,37,9.675675675675675,4,16,0.0,0.5135135135135135,0.08108108108108109,8227.932132703938,15346.923790609695,1360.9972602739726,1.0,0,0.47493762680654933,0.49670305049215874,24950.106722755958,10.758993843361775,286896.45279682364,30.583614031308603,4724.782168893844,54692.0,181,2.016574585635359,2319.0,0.07240000000000002,13.725852362843666,0.11897601275454743,0.0,5,15,14,3,0.09628159624193112,0.2303361390298686,0.32335152124261957
2500,low,25,786,0.0,0.25,tickets,365,0,True,576,37,9.702702702702704,4,17,0.0,0.4594594594594595,0.13513513513513514,6918.4234673024785,15232.444200000018,1311.8575342465754,1.0,0,0.4453921443300115,0.5250400753578375,26599.3230077125,10.955240118497736,277859.36534278915,29.620246265806454,4344.427040190742,56838.0,72,5.069444444444445,2428.0,0.028800000000000048,8.710726770672688,0.12826735278638676,0.0,9,15,5,8,0.2972000908450855,0.27600458550830104,0.10639448554038741
2500,low,25,786,0.0,0.25,tickets,365,1,True,584,39,9.333333333333334,3,17,0.05128205128205128,0.46153846153846156,0.07692307692307693,7517.887760054888,14892.903000000011,1437.7232876712328,1.0,0,0.4936819753415825,0.47813677020074086,25348.75657213542,10.435881668231955,304954.35509255156,32.50861487619092,1895.5957408564434,56387.0,71,5.140845070422535,2429.0,0.02839999999999998,9.30867653588501,0.11611585288002911,0.0,7,11,16,5,0.21267739791864335,0.13386029564733606,0.29537612459059726
2500,low,25,786,0.0,0.25,tickets,365,2,True,583,38,9.578947368421053,4,16,0.0,0.6052631578947368,0.07894736842105263,8845.297857095185,17695.83228369805,1459.6986301369864,1.0,0,0.5011068437616686,0.4722510202036056,23974.085963664198,9.869940701385014,309106.906605041,32.95128341205129,1486.051505886133,56085.0,71,5.140845070422535,2429.0,0.02839999999999998,9.407528039589362,0.11376902719645639,0.0,7,14,12,5,0.16115561012391602,0.2201335337133866,0.25403643921416935
2500,med,0,100,0.0,0.25,tickets,365,0,True,576,37,9.64864864864865,4,17,0.0,0.4864864864864865,0.10810810810810811,9957.36375,20807.743833556804,1905.3424657534247,1.0,0,0.7324449315068493,0.24777430798186337,18049.943966549843,7.219977586619938,404416.45964687853,43.11143197893648,10522.672988739876,0.0,0,inf,2500.0,0.0,8.29250077175029,0.0,0.0,5,11,21,0,0.164609504753253,0.20264565474451735,0.24459274087723945
2500,med,0,100,0.0,0.25,tickets,365,1,True,584,39,9.179487179487179,4,14,0.0,0.48717948717948717,0.0,10041.822143021114,18438.36320141093,1877.9232876712329,1.0,0,0.7213819178082191,0.2580619678195886,18757.454364625413,7.502981745850166,398488.62168731005,42.479515109877205,9858.169275532147,0.0,0,inf,2500.0,0.0,8.181693734984798,0.0,0.0,10,12,17,0,0.2623715484053884,0.20231196964872852,0.2050560342207887
2500,med,0,100,0.0,0.25,tickets,365,2,True,583,35,10.4,4,15,0.0,0.6571428571428571,0.08571428571428572,12610.250881556982,19325.40798218558,1966.2876712328766,1.0,0,0.7534432876712329,0.23283944425414552,12517.00711809221,5.006802847236884,417642.9098590515,44.52139241710157,6253.922394655674,0.0,0,inf,2500.0,0.0,8.660820788724127,0.0,0.0,8,8,19,0,0.24675764104348225,0.1548495585919683,0.25526005901023685
2500,med,0,300,0.0,0.25,tickets,365,0,True,576,37,9.64864864864865,4,17,0.0,0.4864864864864865,0.10810810810810811,9957.36375,20807.743833556804,1905.3424657534247,1.0,0,0.7324449315068493,0.24777430798186337,18049.943966549843,7.219977586619938,404416.45964687853,43.11143197893648,10522.672988739876,0.0,0,inf,2500.0,0.0,8.29250077175029,0.0,0.0,5,11,21,0,0.164609504753253,0.20264565474451735,0.24459274087723945
2500,med,0,300,0.0,0.25,tickets,365,1,True,584,39,9.179487179487179,4,14,0.0,0.48717948717948717,0.0,10041.822143021114,18438.36320141093,1877.9232876712329,1.0,0,0.7213819178082191,0.2580619678195886,18757.454364625413,7.502981745850166,398488.62168731005,42.479515109877205,9858.169275532147,0.0,0,inf,2500.0,0.0,8.181693734984798,0.0,0.0,10,12,17,0,0.2623715484053884,0.20231196964872852,0.2050560342207887
2500,med,0,300,0.0,0.25,tickets,365,2,True,583,35,10.4,4,15,0.0,0.6571428571428571,0.08571428571428572,12610.250881556982,19325.40798218558,1966.2876712328766,1.0,0,0.7534432876712329,0.23283944425414552,12517.00711809221,5.006802847236884,417642.9098590515,44.52139241710157,6253.922394655674,0.0,0,inf,2500.0,0.0,8.660820788724127,0.0,0.0,8,8,19,0,0.24675764104348225,0.1548495585919683,0.25526005901023685
2500,med,0,786,0.0,0.25,tickets,365,0,True,576,37,9.64864864864865,4,17,0.0,0.4864864864864865,0.10810810810810811,9957.36375,20807.743833556804,1905.3424657534247,1.0,0,0.7324449315068493,0.24777430798186337,18049.943966549843,7.219977586619938,404416.45964687853,43.11143197893648,10522.672988739876,0.0,0,inf,2500.0,0.0,8.29250077175029,0.0,0.0,5,11,21,0,0.164609504753253,0.20264565474451735,0.24459274087723945
2500,med,0,786,0.0,0.25,tickets,365,1,True,584,39,9.179487179487179,4,14,0.0,0.48717948717948717,0.0,10041.822143021114,18438.36320141093,1877.9232876712329,1.0,0,0.7213819178082191,0.2580619678195886,18757.454364625413,7.502981745850166,398488.62168731005,42.479515109877205,9858.169275532147,0.0,0,inf,2500.0,0.0,8.181693734984798,0.0,0.0,10,12,17,0,0.2623715484053884,0.20231196964872852,0.2050560342207887
2500,med,0,786,0.0,0.25,tickets,365,2,True,583,35,10.4,4,15,0.0,0.6571428571428571,0.08571428571428572,12610.250881556982,19325.40798218558,1966.2876712328766,1.0,0,0.7534432876712329,0.23283944425414552,12517.00711809221,5.006802847236884,417642.9098590515,44.52139241710157,6253.922394655674,0.0,0,inf,2500.0,0.0,8.660820788724127,0.0,0.0,8,8,19,0,0.24675764104348225,0.1548495585919683,0.25526005901023685
2500,med,5,100,0.0,0.25,tickets,365,0,True,576,37,9.72972972972973,4,15,0.0,0.5675675675675675,0.05405405405405406,10844.31378534435,19182.41276103429,1896.7452054794521,1.0,0,0.7316363424567315,0.24595817770094858,20003.522781303953,8.366174312548704,404051.23763217765,43.0724987365612,4517.194629902794,11044.0,109,3.3486238532110093,2391.0,0.04359999999999997,13.071140554525211,0.017250892661112332,0.0,7,17,12,1,0.17103040648276802,0.31409240945272443,0.16761698469496825
2500,med,5,100,0.0,0.25,tickets,365,1,True,584,39,9.333333333333334,4,15,0.0,0.46153846153846156,0.05128205128205128,9648.945000000002,19111.956035339506,1882.66301369863,1.0,0,0.7256553709335081,0.24935121888725542,22314.491509174906,9.344426930140246,401546.3295310027,42.80547158511543,2999.7473131918373,11381.0,112,3.2589285714285716,2388.0,0.04479999999999995,13.183646221138186,0.01790235923466032,0.0,3,18,17,1,0.1031938566459192,0.30505493318260796,0.21561351500449197
2500,med,5,100,0.0,0.25,tickets,365,2,True,583,38,9.18421052631579,4,15,0.0,0.5526315789473685,0.02631578947368421,10553.826998489121,17559.869757298293,1945.86301369863,1.0,0,0.7485536819445691,0.23824507327911812,11774.454240889114,4.934808986122848,407832.92698603583,43.47563278181416,19527.164439099448,11566.0,114,3.2017543859649122,2386.0,0.045599999999999974,13.047431330279416,0.017605316512728092,0.0,11,9,18,0,0.2675312078740075,0.14481266159701212,0.24116977918493124
2500,med,5,300,0.0,0.25,tickets,365,0,True,576,35,10.428571428571429,5,17,0.0,0.6571428571428571,0.02857142857142857,12645.163131296986,19726.626150000004,1941.0054794520547,1.0,0,0.7386918812855836,0.24064258279780326,18725.889381015804,7.599792768269401,414662.5190422997,44.20367805879075,2369.0966815604743,11006.0,36,10.13888888888889,2464.0,0.014399999999999968,10.177238057539652,0.016802476332701453,0.0,6,10,18,1,0.2023314948455654,0.19995687383149718,0.246310670558707
2500,med,5,300,0.0,0.25,tickets,365,1,True,584,38,9.5,4,16,0.0,0.5,0.05263157894736842,10355.032565272191,21274.537552301903,1915.1753424657534,1.0,0,0.7277698924778654,0.2447623232812816,24887.0760402878,10.104375168610556,408036.32086777897,43.49731489016692,4530.391570219332,11386.0,37,9.864864864864865,2463.0,0.014800000000000035,10.031677702945412,0.01760130693709507,0.0,9,13,14,2,0.28164671890431203,0.2175558102431998,0.1862582879747019
2500,med,5,300,0.0,0.25,tickets,365,2,True,583,39,9.256410256410257,3,15,0.02564102564102564,0.5384615384615384,0.05128205128205128,10793.520000000002,18435.916800000006,1939.6849315068494,1.0,0,0.7354184445236852,0.24085503742587638,21491.930853930113,8.725915896845356,411682.5497094905,43.88600863133249,5818.990813427465,11347.0,37,9.864864864864865,2463.0,0.014800000000000035,10.082057633250843,0.017322400898324118,0.0,12,9,18,0,0.3066172419086411,0.17117773761648158,0.22407461297273162
2500,med,5,786,0.0,0.25,tickets,365,0,True,576,39,9.333333333333334,4,14,0.0,0.5384615384615384,0.0,10363.798555670519,18085.046580000006,1915.0383561643835,1.0,0,0.725258981827051,0.2525084180170094,20236.09042933614,8.136747257473317,408665.68893197377,43.564406517725644,3378.6309904732348,11006.0,13,28.076923076923077,2487.0,0.005199999999999982,9.067306775894009,0.017013143268349,0.0,2,17,19,1,0.05131000211083727,0.289574765958052,0.24091230460870075
2500,med,5,786,0.0,0.25,tickets,365,1,True,584,38,9.5,4,15,0.0,0.5,0.02631578947368421,10805.839499086878,18914.766646375017,1925.6027397260275,1.0,0,0.7282783552732787,0.24980365081215133,19946.68954189364,8.023608021678857,409747.2582798537,43.67970351481706,6172.78681641085,11764.0,14,26.071428571428573,2486.0,0.005600000000000049,9.072430838578166,0.01811494710782605,0.0,8,12,18,0,0.2104621826768548,0.2308661967812889,0.2230935055258904
2500,med,5,786,0.0,0.25,tickets,365,2,True,583,39,9.282051282051283,5,14,0.0,0.5128205128205128,0.0,10720.487388598627,18283.75900671115,1930.4849315068493,1.0,0,0.7286393952379383,0.2494202562839091,19968.130553451265,8.032232724638481,409847.88448453014,43.690430426827504,5591.783443315892,11224.0,14,26.071428571428573,2486.0,0.005600000000000049,9.08686174804533,0.01721194334023533,0.0,6,11,22,0,0.15895565450186996,0.21115182623010273,0.26295607776641955
2500,med,25,100,0.0,0.25,tickets,365,0,True,576,37,9.72972972972973,3,16,0.05405405405405406,0.6216216216216216,0.10810810810810811,10647.491955973552,19170.854550000015,1872.717808219178,1.0,0,0.7337236556997642,0.24417563913975912,17971.71881816552,9.216266060597702,396448.0108607436,42.26198277966044,5505.109589918418,55729.0,550,0.6636363636363637,1950.0,0.21999999999999997,37.01021850601294,0.08811309327005509,0.0,7,7,17,6,0.19213463241958498,0.11323458293033166,0.293919183703465
2500,med,25,100,0.0,0.25,tickets,365,1,True,584,40,9.0,4,15,0.0,0.45,0.025,9482.67014243467,18212.003334308763,1852.3890410958904,1.0,0,0.7255759954938668,0.25152602945624486,18618.66408471505,9.528487249086513,392179.4359407337,41.80694596569968,5129.729365946505,55189.0,546,0.6684981684981685,1954.0,0.21840000000000004,36.6375599430906,0.08818083127009622,0.0,6,18,10,6,0.19865354458262216,0.28040655924997915,0.13338070435856297
2500,med,25,100,0.0,0.25,tickets,365,2,True,583,36,9.944444444444445,5,17,0.0,0.5555555555555556,0.05555555555555555,11983.514417352657,18014.71918500002,1919.7671232876712,1.0,0,0.7517634134703706,0.22854794071015846,15968.850276152592,8.23136612172814,404834.2672959601,43.15597093281434,6050.801571313249,56693.0,560,0.6517857142857143,1940.0,0.22399999999999998,37.897247324009754,0.08747636342878345,0.0,4,19,12,1,0.13095625875988975,0.3244034872299976,0.20117093221142465
2500,med,25,300,0.0,0.25,tickets,365,0,True,576,36,10.0,3,16,0.027777777777777776,0.5555555555555556,0.05555555555555555,12335.487782380675,22257.41457150002,2015.268493150685,1.0,0,0.7370274258267169,0.24216598547076332,18288.762597039324,7.903527483595213,427471.9579239883,45.56918443189547,6844.987812833392,56118.0,186,1.9623655913978495,2314.0,0.07440000000000002,17.10735042016966,0.08243505403270647,0.0,7,11,12,6,0.22141974063437014,0.20044191719545096,0.18247032307454433
2500,med,25,300,0.0,0.25,tickets,365,1,True,584,35,10.285714285714286,5,16,0.0,0.6857142857142857,0.02857142857142857,13410.996500676472,19685.098950202962,2036.8986301369864,1.0,0,0.7462028211190272,0.23392181033328727,17469.29618203979,7.539618550729301,431555.40955078515,46.00448681103613,7854.993257802595,55365.0,183,1.994535519125683,2317.0,0.07320000000000004,17.03355522968873,0.0804755551012283,0.0,8,7,17,3,0.26624739378527446,0.14871490973583087,0.2566894863425296
2500,med,25,300,0.0,0.25,tickets,365,2,True,583,37,9.81081081081081,5,16,0.0,0.4864864864864865,0.08108108108108109,11378.089602491798,21292.66312648895,2031.3808219178081,1.0,0,0.7409533841908043,0.2312184012998679,24462.614590140725,10.571570695825724,430589.8851551779,45.901560388749644,4021.131565502645,56070.0,186,1.9623655913978495,2314.0,0.07440000000000002,17.242495383971693,0.0817461366450245,0.0,5,15,15,2,0.14113757588448483,0.30155692052493593,0.21451733183767782
2500,med,25,786,0.0,0.25,tickets,365,0,True,576,36,10.0,4,16,0.0,0.5,0.08333333333333333,12110.61173720549,21132.571677407017,2021.2,1.0,0,0.7226492463071217,0.2575209769598376,17839.600850782706,7.344421922924128,428617.1455348685,45.69126323608829,8113.5325023700225,56452.0,71,5.140845070422535,2429.0,0.02839999999999998,11.853471961353652,0.08272720125573035,0.0,3,15,16,2,0.09772865348823312,0.30038052863427345,0.23195422802806107
2500,med,25,786,0.0,0.25,tickets,365,1,True,584,37,9.675675675675675,5,14,0.0,0.6486486486486487,0.0,12099.786519341156,18468.810395857075,2042.2602739726028,1.0,0,0.7302669607206694,0.24870544686764143,18916.59035429494,7.787809944131306,432407.77620942786,46.09535044021996,9560.396613601983,56673.0,71,5.140845070422535,2429.0,0.02839999999999998,11.904256701951423,0.0821906965824865,0.0,10,7,18,2,0.3154676363474719,0.13130940297367413,0.24365689193708712
2500,med,25,786,0.0,0.25,tickets,365,2,True,583,38,9.552631578947368,3,14,0.02631578947368421,0.5263157894736842,0.0,11817.721113079799,19827.991972737284,2087.2657534246578,1.0,0,0.7460578339923057,0.23574797978858636,16372.693459968192,6.740507805668255,441971.51989094523,47.11486058960837,6215.754305354365,55964.0,71,5.140845070422535,2429.0,0.02839999999999998,12.183955646497909,0.07943406330888414,0.0,10,14,13,1,0.2688839357212467,0.23778189454210086,0.21007083969907392
2500,high,0,100,0.0,0.25,tickets,365,0,True,576,38,9.447368421052632,4,15,0.0,0.47368421052631576,0.02631578947368421,13262.476090120734,21503.461465761648,2344.2849315068493,1.0,0,0.9029446575342466,0.07935157508246707,16154.687737248729,6.461875094899492,500271.00895918655,53.329678007195234,8173.4449142775975,0.0,0,inf,2500.0,0.0,10.359948716734925,0.0,0.0,7,15,16,0,0.2738312893534393,0.3003578041908234,0.1528337916186652
2500,high,0,100,0.0,0.25,tickets,365,1,True,584,38,9.473684210526315,5,13,0.0,0.5263157894736842,0.0,13270.659407091689,20316.027833865,2360.7397260273974,1.0,0,0.9077468493150684,0.07875151821189064,12320.239631649769,4.928095852659908,502257.87618713436,53.54148118509665,10103.436676022833,0.0,0,inf,2500.0,0.0,10.361146094970774,0.0,0.0,8,15,15,0,0.24978729144653222,0.2761049442144204,0.170776024299461
2500,high,0,100,0.0,0.25,tickets,365,2,True,583,35,10.285714285714286,6,15,0.0,0.6857142857142857,0.05714285714285714,15286.562999999998,21174.494516325532,2375.1123287671235,1.0,0,0.9113238356164384,0.07482374594041803,12640.33182936855,5.05613273174742,504728.37239940197,53.80483997495005,8767.48728167467,0.0,0,inf,2500.0,0.0,10.44128179195215,0.0,0.0,9,7,19,0,0.30632235781846284,0.14049382749786363,0.23583755790813662
2500,high,0,300,0.0,0.25,tickets,365,0,True,576,38,9.447368421052632,4,15,0.0,0.47368421052631576,0.02631578947368421,13262.476090120734,21503.461465761648,2344.2849315068493,1.0,0,0.9029446575342466,0.07935157508246707,16154.687737248729,6.461875094899492,500271.00895918655,53.329678007195234,8173.4449142775975,0.0,0,inf,2500.0,0.0,10.359948716734925,0.0,0.0,7,15,16,0,0.2738312893534393,0.3003578041908234,0.1528337916186652
2500,high,0,300,0.0,0.25,tickets,365,1,True,584,38,9.473684210526315,5,13,0.0,0.5263157894736842,0.0,13270.659407091689,20316.027833865,2360.7397260273974,1.0,0,0.9077468493150684,0.07875151821189064,12320.239631649769,4.928095852659908,502257.87618713436,53.54148118509665,10103.436676022833,0.0,0,inf,2500.0,0.0,10.361146094970774,0.0,0.0,8,15,15,0,0.24978729144653222,0.2761049442144204,0.170776024299461
2500,high,0,300,0.0,0.25,tickets,365,2,True,583,35,10.285714285714286,6,15,0.0,0.6857142857142857,0.05714285714285714,15286.562999999998,21174.494516325532,2375.1123287671235,1.0,0,0.9113238356164384,0.07482374594041803,12640.33182936855,5.05613273174742,504728.37239940197,53.80483997495005,8767.48728167467,0.0,0,inf,2500.0,0.0,10.44128179195215,0.0,0.0,9,7,19,0,0.30632235781846284,0.14049382749786363,0.23583755790813662
2500,high,0,786,0.0,0.25,tickets,365,0,True,576,38,9.447368421052632,4,15,0.0,0.47368421052631576,0.02631578947368421,13262.476090120734,21503.461465761648,2344.2849315068493,1.0,0,0.9029446575342466,0.07935157508246707,16154.687737248729,6.461875094899492,500271.00895918655,53.329678007195234,8173.4449142775975,0.0,0,inf,2500.0,0.0,10.359948716734925,0.0,0.0,7,15,16,0,0.2738312893534393,0.3003578041908234,0.1528337916186652
2500,high,0,786,0.0,0.25,tickets,365,1,True,584,38,9.473684210526315,5,13,0.0,0.5263157894736842,0.0,13270.659407091689,20316.027833865,2360.7397260273974,1.0,0,0.9077468493150684,0.07875151821189064,12320.239631649769,4.928095852659908,502257.87618713436,53.54148118509665,10103.436676022833,0.0,0,inf,2500.0,0.0,10.361146094970774,0.0,0.0,8,15,15,0,0.24978729144653222,0.2761049442144204,0.170776024299461
2500,high,0,786,0.0,0.25,tickets,365,2,True,583,35,10.285714285714286,6,15,0.0,0.6857142857142857,0.05714285714285714,15286.562999999998,21174.494516325532,2375.1123287671235,1.0,0,0.9113238356164384,0.07482374594041803,12640.33182936855,5.05613273174742,504728.37239940197,53.80483997495005,8767.48728167467,0.0,0,inf,2500.0,0.0,10.44128179195215,0.0,0.0,9,7,19,0,0.30632235781846284,0.14049382749786363,0.23583755790813662
2500,high,5,100,0.0,0.25,tickets,365,0,True,576,36,10.11111111111111,4,17,0.0,0.6111111111111112,0.1111111111111111,14742.41963402131,24931.149961344086,2336.4191780821916,1.0,0,0.9055200225581073,0.07798417028032882,14742.170893832366,6.160539445813776,499341.6413465173,53.230605954954825,4344.36422975238,10920.0,107,3.411214953271028,2393.0,0.04279999999999995,15.0814305565297,0.013854475822385972,0.0,6,15,15,0,0.19371765250766548,0.30152883611696724,0.1887280956658677
2500,high,5,100,0.0,0.25,tickets,365,1,True,584,38,9.342105263157896,5,14,0.0,0.5263157894736842,0.0,12934.685218500003,20796.781546369515,2351.328767123288,1.0,0,0.9098646333853528,0.07589441056950014,12711.662498326781,5.3298375255038914,498061.64054858417,53.09415585254984,14137.376463965073,11650.0,115,3.1739130434782608,2385.0,0.04600000000000004,15.20231912370538,0.014669641764784703,0.0,7,11,18,2,0.23430057555749323,0.18115545351865894,0.20073067257074356
2500,high,5,100,0.0,0.25,tickets,365,2,True,583,40,9.125,4,17,0.0,0.375,0.025,13016.038074847287,22277.547924726885,2364.1835616438357,1.0,0,0.9135020742518297,0.07923404399438005,6483.820756132487,2.714031291809329,502443.5948652079,53.561279088881214,6683.264377418064,11221.0,111,3.2882882882882885,2389.0,0.044399999999999995,15.280557973812444,0.014041743971390396,0.0,12,14,13,1,0.36101889560837036,0.2228623955523778,0.1549059895342132
2500,high,5,300,0.0,0.25,tickets,365,0,True,576,39,9.307692307692308,4,16,0.0,0.46153846153846156,0.05128205128205128,13196.216792888137,24019.528320612608,2354.4219178082194,1.0,0,0.9008067390462361,0.08336020891855817,14348.560909437005,5.820917204639758,503497.50401262246,53.673627465009176,4595.86876465654,10780.0,35,10.428571428571429,2465.0,0.014000000000000012,11.984273559578591,0.013556537160039284,0.0,11,12,16,0,0.3712569667512194,0.22487631926152038,0.1714463974220149
2500,high,5,300,0.0,0.25,tickets,365,1,True,584,39,9.333333333333334,4,15,0.0,0.5384615384615384,0.02564102564102564,12840.723356430837,22157.26557309216,2383.304109589041,1.0,0,0.9094089850176101,0.07398636572974591,15039.328967597237,6.111064188377585,508608.6698538618,54.21848579913843,4645.18440918709,11847.0,39,9.35897435897436,2461.0,0.015599999999999947,12.264476418745728,0.01472572898681007,0.0,4,15,18,2,0.1353149974733111,0.2697232811271757,0.21076993221067752
2500,high,5,300,0.0,0.25,tickets,365,2,True,583,38,9.526315789473685,4,15,0.0,0.5789473684210527,0.02631578947368421,14084.884936388686,21267.743400000003,2393.4164383561642,1.0,0,0.911776525556213,0.0755528414285053,11476.6539249856,4.65962400527227,508697.1774354023,54.22792084682303,7340.273180873778,11389.0,37,9.864864864864865,2463.0,0.014800000000000035,12.122644537506794,0.014085442143230804,0.0,7,13,17,1,0.20980638638137003,0.22372621656786368,0.2130054221483513
2500,high,5,786,0.0,0.25,tickets,365,0,True,576,37,9.64864864864865,4,14,0.0,0.5945945945945946,0.0,13282.927926425906,21540.095236998008,2397.868493150685,1.0,0,0.9131703501223912,0.07698513790990515,8960.435414955999,3.6043585739967816,509017.8533080307,54.26210540024644,14922.270737516194,11042.0,14,26.071428571428573,2486.0,0.005600000000000049,10.988870502952802,0.013636540214939753,0.0,7,8,21,1,0.2296763667082338,0.1410301428295128,0.24646054550493562
2500,high,5,786,0.0,0.25,tickets,365,1,True,584,38,9.552631578947368,6,14,0.0,0.5263157894736842,0.0,13509.326425595546,20085.73404523732,2385.1534246575343,1.0,0,0.9064566316608323,0.07762731744562884,14485.739063939993,5.82692641349155,508763.06678103324,54.23494475491219,5680.053013105709,11387.0,14,26.071428571428573,2486.0,0.005600000000000049,11.179145118640957,0.014122752506659345,0.0,4,13,19,2,0.14136009786592152,0.26482948339217405,0.20987438489341148
2500,high,5,786,0.0,0.25,tickets,365,2,True,583,39,9.205128205128204,4,15,0.0,0.4358974358974359,0.02564102564102564,12458.274029204562,22576.28220876137,2397.909589041096,1.0,0,0.9098121902204427,0.07719595624861483,11824.184711141917,4.754396747543995,508577.4367226062,54.21515629812161,10685.147176701927,10966.0,13,28.076923076923077,2487.0,0.005199999999999982,11.027081427332096,0.013532334670494963,0.0,12,9,17,1,0.3533479280804807,0.1455731194214248,0.20523062959338942
2500,high,25,100,0.0,0.25,tickets,365,0,True,576,36,10.0,4,14,0.0,0.6388888888888888,0.0,13835.623808849086,19441.38600000002,2259.1068493150683,1.0,0,0.9025959561027059,0.08105035119927788,13287.914988997147,6.807333498461653,479459.4600190235,51.111134090131216,6448.721946735783,55462.0,548,0.666058394160584,1952.0,0.21919999999999995,39.088971020194165,0.07266661330577971,0.0,8,8,16,4,0.24709692628971847,0.15827421892258833,0.2341933310678539
2500,high,25,100,0.0,0.25,tickets,365,1,True,584,40,9.025,4,13,0.0,0.475,0.0,12817.677202197709,19345.143725598668,2269.1917808219177,1.0,0,0.9047821921890122,0.0802808717568799,12130.853373111104,6.233737601804267,480774.0193172321,51.25126818313149,6140.075911749076,56015.0,554,0.6588447653429603,1946.0,0.22160000000000002,39.54262423018871,0.07311878588115979,0.0,8,12,14,6,0.23936900648727424,0.2100399903967429,0.17664593466152664
2500,high,25,100,0.0,0.25,tickets,365,2,True,583,39,9.307692307692308,5,16,0.0,0.41025641025641024,0.07692307692307693,12536.580348775897,21396.924104632788,2280.0931506849315,1.0,0,0.9096998156079065,0.07778779374146601,10117.556617269387,5.223312657340933,482113.40625468583,51.39404894160491,5358.352486881322,56973.0,563,0.6483126110124334,1937.0,0.22519999999999996,40.2198499384446,0.07401043456527852,0.0,10,11,16,2,0.29062834542849814,0.16555517566025907,0.23879397868497057
2500,high,25,300,0.0,0.25,tickets,365,0,True,576,37,9.81081081081081,4,14,0.0,0.5945945945945946,0.0,14481.77625000001,22045.10426428437,2443.797260273973,1.0,0,0.90938741880124,0.07736718960625881,11638.831555463534,5.031920257442081,520215.70376324205,55.45581390714468,6302.739462923776,56415.0,187,1.9518716577540107,2313.0,0.07479999999999998,19.27799623156262,0.06835196964974787,0.0,4,15,15,3,0.11390182243095046,0.28296891710912814,0.21242870672474468
2500,high,25,300,0.0,0.25,tickets,365,1,True,584,36,9.972222222222221,5,15,0.0,0.6111111111111112,0.05555555555555555,14920.467932842832,21911.717313173867,2453.912328767123,1.0,0,0.9120321360843424,0.07330565879513211,12880.952469253305,5.568937513728191,520390.50379733735,55.47444786627285,9609.499367455695,56488.0,187,1.9518716577540107,2313.0,0.07479999999999998,19.206729481376343,0.0681885677665411,0.0,9,8,14,5,0.30800918359226503,0.1785775447730734,0.17793424769960653
2500,high,25,300,0.0,0.25,tickets,365,2,True,583,38,9.394736842105264,4,15,0.0,0.47368421052631576,0.05263157894736842,13854.95808279802,21535.18298503794,2446.46301369863,1.0,0,0.9075801586732702,0.07609168281965623,14351.030777927506,6.196472702041238,517230.9602800308,55.13763554772927,11084.411215914199,55726.0,184,1.983695652173913,2316.0,0.0736,18.95501936809975,0.06744206620908687,0.0,8,13,14,3,0.23455850366502418,0.25778126440894816,0.17822699957962373
2500,high,25,786,0.0,0.25,tickets,365,0,True,576,36,9.972222222222221,4,14,0.0,0.5833333333333334,0.0,15680.939887931958,21555.46287000002,2497.9671232876713,1.0,0,0.9102329980760403,0.07666277532419667,11789.964401392968,4.85383466504445,530539.2020466063,56.556315094501244,10979.634269503827,56197.0,71,5.140845070422535,2429.0,0.02839999999999998,13.999816672077234,0.06660758666225029,0.0,4,16,13,3,0.16609205638246816,0.35860221934067227,0.1536739486150126
2500,high,25,786,0.0,0.25,tickets,365,1,True,584,38,9.526315789473685,5,15,0.0,0.631578947368421,0.02631578947368421,14548.544872772307,23687.43284780514,2492.0575342465754,1.0,0,0.9077729775857701,0.0746501564147914,15818.546632318674,6.50701218935363,530245.5948634703,56.52501610603933,5994.57438228294,54781.0,69,5.2898550724637685,2431.0,0.027599999999999958,14.012693859681784,0.06508458104157758,0.0,3,12,23,0,0.090400993306911,0.2462600302480039,0.2842267171187579
2500,high,25,786,0.0,0.25,tickets,365,2,True,583,38,9.605263157894736,6,13,0.0,0.5526315789473685,0.0,14710.305171669774,19736.615481550325,2503.035616438356,1.0,0,0.9093049901703546,0.07673977684620426,12557.323340256877,5.167622773768262,532304.6848990737,56.74451834906359,3847.4822825944543,55641.0,70,5.214285714285714,2430.0,0.028000000000000025,14.148166264809909,0.06581925727445469,0.0,1,16,20,1,0.04086032391947833,0.2892153503031541,0.265193384985509
5000,low,0,100,0.0,0.25,tickets,365,0,True,1138,36,10.055555555555555,5,18,0.0,0.4722222222222222,0.1388888888888889,14497.7777990775,34327.71352177487,2547.9506849315067,1.0,0,0.4872268493150685,0.4897250296283769,42062.82092821263,8.412564185642527,540079.7877796569,57.57335657008499,8289.784216959739,0.0,0,inf,5000.0,0.0,5.5977895111862885,0.0,0.0,9,16,11,0,0.17699118873518005,0.24387085275883377,0.22183664089272728
5000,low,0,100,0.0,0.25,tickets,365,1,True,1128,35,10.228571428571428,4,18,0.0,0.5428571428571428,0.14285714285714285,17347.531064606446,36234.774573374154,2905.013698630137,1.0,0,0.5545945205479452,0.424785075331915,37632.23751925447,7.5264475038508944,613232.3120331382,65.37153094754522,13700.376307213299,0.0,0,inf,5000.0,0.0,6.310862481325525,0.0,0.0,14,8,13,0,0.32284162907168956,0.14844783135102926,0.20791964791461376
5000,low,0,100,0.0,0.25,tickets,365,2,True,1129,38,9.368421052631579,3,16,0.02631578947368421,0.47368421052631576,0.07894736842105263,13051.973656132333,31164.63966236629,2595.7068493150687,1.0,0,0.49587287671232877,0.4796830465665355,44610.44001607338,8.922088003214675,548941.37072325,58.51801527817023,10459.441974898247,0.0,0,inf,5000.0,0.0,5.668230828930025,0.0,0.0,12,18,8,0,0.2744320396881917,0.2858551683027513,0.10661010236078847
5000,low,0,300,0.0,0.25,tickets,365,0,True,1138,36,10.055555555555555,5,18,0.0,0.4722222222222222,0.1388888888888889,14497.7777990775,34327.71352177487,2547.9506849315067,1.0,0,0.4872268493150685,0.4897250296283769,42062.82092821263,8.412564185642527,540079.7877796569,57.57335657008499,8289.784216959739,0.0,0,inf,5000.0,0.0,5.5977895111862885,0.0,0.0,9,16,11,0,0.17699118873518005,0.24387085275883377,0.22183664089272728
5000,low,0,300,0.0,0.25,tickets,365,1,True,1128,35,10.228571428571428,4,18,0.0,0.5428571428571428,0.14285714285714285,17347.531064606446,36234.774573374154,2905.013698630137,1.0,0,0.5545945205479452,0.424785075331915,37632.23751925447,7.5264475038508944,613232.3120331382,65.37153094754522,13700.376307213299,0.0,0,inf,5000.0,0.0,6.310862481325525,0.0,0.0,14,8,13,0,0.32284162907168956,0.14844783135102926,0.20791964791461376
5000,low,0,300,0.0,0.25,tickets,365,2,True,1129,38,9.368421052631579,3,16,0.02631578947368421,0.47368421052631576,0.07894736842105263,13051.973656132333,31164.63966236629,2595.7068493150687,1.0,0,0.49587287671232877,0.4796830465665355,44610.44001607338,8.922088003214675,548941.37072325,58.51801527817023,10459.441974898247,0.0,0,inf,5000.0,0.0,5.668230828930025,0.0,0.0,12,18,8,0,0.2744320396881917,0.2858551683027513,0.10661010236078847
5000,low,0,786,0.0,0.25,tickets,365,0,True,1138,36,10.055555555555555,5,18,0.0,0.4722222222222222,0.1388888888888889,14497.7777990775,34327.71352177487,2547.9506849315067,1.0,0,0.4872268493150685,0.4897250296283769,42062.82092821263,8.412564185642527,540079.7877796569,57.57335657008499,8289.784216959739,0.0,0,inf,5000.0,0.0,5.5977895111862885,0.0,0.0,9,16,11,0,0.17699118873518005,0.24387085275883377,0.22183664089272728
5000,low,0,786,0.0,0.25,tickets,365,1,True,1128,35,10.228571428571428,4,18,0.0,0.5428571428571428,0.14285714285714285,17347.531064606446,36234.774573374154,2905.013698630137,1.0,0,0.5545945205479452,0.424785075331915,37632.23751925447,7.5264475038508944,613232.3120331382,65.37153094754522,13700.376307213299,0.0,0,inf,5000.0,0.0,6.310862481325525,0.0,0.0,14,8,13,0,0.32284162907168956,0.14844783135102926,0.20791964791461376
5000,low,0,786,0.0,0.25,tickets,365,2,True,1129,38,9.368421052631579,3,16,0.02631578947368421,0.47368421052631576,0.07894736842105263,13051.973656132333,31164.63966236629,2595.7068493150687,1.0,0,0.49587287671232877,0.4796830465665355,44610.44001607338,8.922088003214675,548941.37072325,58.51801527817023,10459.441974898247,0.0,0,inf,5000.0,0.0,5.668230828930025,0.0,0.0,12,18,8,0,0.2744320396881917,0.2858551683027513,0.10661010236078847
5000,low,5,100,0.0,0.25,tickets,365,0,True,1138,36,10.055555555555555,4,19,0.0,0.5277777777777778,0.05555555555555555,16531.277453780396,26212.03938,2613.0164383561646,1.0,0,0.498755936443086,0.4747595555462386,47814.44216526524,9.774006983905405,554178.438530673,59.07629496032247,6796.082114114881,10960.0,108,3.3796296296296298,4892.0,0.021599999999999953,7.960094031497928,0.012408899178087362,0.0,10,13,13,0,0.2452167427908821,0.19233348215584045,0.23813617884706775
5000,low,5,100,0.0,0.25,tickets,365,1,True,1128,37,9.783783783783784,4,15,0.0,0.5135135135135135,0.02702702702702703,15028.625542184818,28737.364166891697,2651.9479452054793,1.0,0,0.5050185298711722,0.4674711932230762,49631.67570954296,10.16417688092217,562429.2599152144,59.95584552362198,3644.35223739855,11957.0,117,3.1196581196581197,4883.0,0.023399999999999976,8.270567165743518,0.013372439592091003,0.0,10,15,12,0,0.21698052311046953,0.2580831944416374,0.19572711341074714
5000,low,5,100,0.0,0.25,tickets,365,2,True,1129,37,9.864864864864865,5,16,0.0,0.4864864864864865,0.13513513513513514,17585.28515781,32187.346696249206,2799.750684931507,1.0,0,0.534189715435712,0.443828812654122,39670.48991160172,8.114233976600884,594550.7606100945,63.380048122788814,3048.230291734558,11251.0,111,3.2882882882882885,4889.0,0.022199999999999998,8.497507905178018,0.01188755554555249,0.0,13,12,10,2,0.31043051132570754,0.1431324772863957,0.21341972544541893
5000,low,5,300,0.0,0.25,tickets,365,0,True,1138,35,9.942857142857143,5,15,0.0,0.5428571428571428,0.11428571428571428,13726.068710315947,30314.39435565339,2686.723287671233,1.0,0,0.509110385960976,0.47498788723169133,28916.876754238,5.826491387112231,561044.0124889306,59.80817596476087,31283.49503099558,11159.0,37,9.864864864864865,4963.0,0.007399999999999962,6.317348480069477,0.012295876017433264,0.0,9,9,17,0,0.16612265137576515,0.13437770516419062,0.31142749564761474
5000,low,5,300,0.0,0.25,tickets,365,1,True,1128,36,10.11111111111111,4,16,0.0,0.5555555555555556,0.08333333333333333,14197.333046507676,31424.291728829146,2692.1808219178083,1.0,0,0.508980972087922,0.4720601026996088,34468.577325333026,6.9479091564872055,569224.6263050193,60.68024229061268,8730.036345946808,11808.0,39,9.35897435897436,4961.0,0.007800000000000029,6.6837729806016295,0.012999594971128972,0.0,8,14,14,0,0.1940064240767093,0.23013787171351366,0.23451363009610776
5000,low,5,300,0.0,0.25,tickets,365,2,True,1129,39,9.179487179487179,3,16,0.07692307692307693,0.4358974358974359,0.02564102564102564,13107.219291283498,30674.14521141828,2625.158904109589,1.0,0,0.496769307847098,0.474253023024328,52691.28386092047,10.616821249429876,555707.094812067,59.23925212915787,7955.354526212487,11286.0,37,9.864864864864865,4963.0,0.007399999999999962,6.508141642396168,0.012716777484050541,0.0,14,15,10,0,0.3063092003552561,0.19218172955313192,0.19431992468771858
5000,low,5,786,0.0,0.25,tickets,365,0,True,1138,38,9.552631578947368,4,17,0.0,0.5526315789473685,0.07894736842105263,12966.824588850279,29803.183801472882,2533.2876712328766,1.0,0,0.4784551248567955,0.5029905454238855,33816.52760787976,6.782295950236615,535741.9088784136,57.11093184249823,10570.855140441863,11403.0,14,26.071428571428573,4986.0,0.0028000000000000247,5.807036338631649,0.01334667171362137,0.0,7,15,15,1,0.14463320646691932,0.25306921500221424,0.2323876211198489
5000,low,5,786,0.0,0.25,tickets,365,1,True,1128,38,9.31578947368421,3,15,0.02631578947368421,0.47368421052631576,0.10526315789473684,13846.294629486965,29818.431946619796,2625.5808219178084,1.0,0,0.49503162640025283,0.4836615211572352,38832.33516834668,7.7882742014333495,551423.8292484252,58.78264926943277,18795.95810441002,11699.0,14,26.071428571428573,4986.0,0.0028000000000000247,5.885749550425126,0.013209340764261423,0.0027397260273972603,9,17,12,0,0.13908030355205653,0.2799920993275007,0.2105288666303756
5000,low,5,786,0.0,0.25,tickets,365,2,True,1129,37,9.513513513513514,3,15,0.05405405405405406,0.5405405405405406,0.08108108108108109,15453.715911791269,29094.717505095003,2663.5808219178084,1.0,0,0.5033780299123259,0.4699201745026825,48668.29474094086,9.759032432512704,561846.799655827,59.893754341984774,14480.170963684055,10964.0,13,28.076923076923077,4987.0,0.0026000000000000467,6.021308220657519,0.012172304869230524,0.0,12,14,11,0,0.27976639472848275,0.2001198036748925,0.1949886679785017
5000,low,25,100,0.0,0.25,tickets,365,0,True,1138,35,10.285714285714286,4,16,0.0,0.5142857142857142,0.17142857142857143,17456.387595260403,29887.536666966564,2735.3232876712327,1.0,0,0.5194618546719711,0.4567758262902558,40937.86581218913,9.216088656503631,578141.6628764083,61.63081244281865,8042.623946056942,56436.0,558,0.6541218637992832,4442.0,0.11160000000000003,18.538868626228396,0.061096181563772986,0.0,9,12,11,3,0.19603830659460592,0.21856511924257768,0.21164631718606342
5000,low,25,100,0.0,0.25,tickets,365,1,True,1128,40,8.9,4,17,0.0,0.4,0.075,11856.675225259107,30975.873149910218,2520.8520547945204,1.0,0,0.4749927450143333,0.5013181541804027,40896.839941107464,9.16969505405997,529480.9241472381,56.44350100252966,13219.482387733822,54690.0,540,0.6759259259259259,4460.0,0.10799999999999998,17.450126975160007,0.064212904747362,0.0027397260273972603,15,13,10,2,0.23918892213859558,0.18659266988037976,0.2102507813535015
5000,low,25,100,0.0,0.25,tickets,365,2,True,1129,39,9.153846153846153,3,16,0.02564102564102564,0.46153846153846156,0.1282051282051282,13100.461190291906,33378.8491531298,2641.876712328767,1.0,0,0.4996740021972948,0.4747364818096784,44114.73902198623,9.922343459735993,556940.3609775266,59.37072024608504,9491.98926292623,56093.0,554,0.6588447653429603,4446.0,0.11080000000000001,18.16965476473369,0.06287871324349129,0.0,10,21,5,3,0.20907053708975454,0.3073995296197507,0.11453148361672305
5000,low,25,300,0.0,0.25,tickets,365,0,True,1138,37,9.81081081081081,5,16,0.0,0.5405405405405406,0.08108108108108109,13694.982038376012,30600.283585223122,2562.0328767123287,1.0,0,0.46633138902068044,0.5160907471833021,31491.621883754982,6.541674674647898,540771.9446158685,57.64714157969898,10445.485075566936,56127.0,186,1.9623655913978495,4814.0,0.03720000000000001,9.422531410604233,0.06488747163532384,0.0,11,14,9,3,0.2526883205301516,0.20463412759622898,0.1850304444103443
5000,low,25,300,0.0,0.25,tickets,365,1,True,1128,37,9.864864864864865,4,15,0.0,0.4864864864864865,0.08108108108108109,14267.83270187174,29854.942339572444,2734.3698630136987,1.0,0,0.49884452637311993,0.4753171323037718,46255.152678095525,9.612458993785438,579129.3475262389,61.73610118313102,2712.106926530898,56849.0,188,1.9414893617021276,4812.0,0.03759999999999997,9.969557622544652,0.06157437790881173,0.0027397260273972603,12,12,12,1,0.28832624483128805,0.18062561461306356,0.22578882587828641
5000,low,25,300,0.0,0.25,tickets,365,2,True,1129,37,9.486486486486486,3,14,0.05405405405405406,0.5675675675675675,0.0,13068.771970027174,27078.12817318973,2714.8931506849317,1.0,0,0.49598776991226506,0.48567992180222935,32845.0251428008,6.818564488852148,567212.1432869881,60.465708429116624,25962.208796434403,55316.0,183,1.994535519125683,4817.0,0.036599999999999966,9.477592737062356,0.06033588445671567,0.0,7,22,8,0,0.19712971738349486,0.2854807138176114,0.17294929307520499
5000,low,25,786,0.0,0.25,tickets,365,0,True,1138,37,9.81081081081081,3,16,0.05405405405405406,0.5675675675675675,0.05405405405405406,18094.561316303538,31614.492219801028,2798.0054794520547,1.0,0,0.506543289796022,0.4683403045808677,45511.15303672551,9.233344093472411,592601.0704975615,63.172208083983605,6901.672606828236,56516.0,71,5.140845070422535,4929.0,0.01419999999999999,7.605315152498824,0.05984008178036801,0.0,12,14,9,2,0.2987448843085453,0.2495527406187348,0.1485217967426916
5000,low,25,786,0.0,0.25,tickets,365,1,True,1128,37,9.837837837837839,3,15,0.02702702702702703,0.5945945945945946,0.05405405405405406,15962.850000000004,30827.289310650012,2825.1917808219177,1.0,0,0.5109147772645921,0.4556337883024439,60613.76503248967,12.297375742034829,598988.474877943,63.85311545780123,2471.2203417597493,56471.0,71,5.140845070422535,4929.0,0.01419999999999999,7.720827604532972,0.059193460014837156,0.0,8,15,11,3,0.20227726584693526,0.2456211436210105,0.21070726599707773
5000,low,25,786,0.0,0.25,tickets,365,2,True,1129,34,10.529411764705882,3,18,0.029411764705882353,0.6176470588235294,0.17647058823529413,17435.635737773657,35583.73716197651,2898.391780821918,1.0,0,0.5259625077035376,0.4544324586529039,35533.7117732434,7.2076494469053545,610316.0575466465,65.06065362312219,15939.028869391086,55373.0,70,5.214285714285714,4930.0,0.014000000000000012,7.677385102028923,0.05659633637170542,0.0,8,14,12,0,0.20051422761229976,0.2720712249002618,0.20226699771862663
5000,med,0,100,0.0,0.25,tickets,365,0,True,1138,36,10.055555555555555,4,17,0.0,0.6111111111111112,0.027777777777777776,22427.07703663866,43479.54005573886,3865.1260273972603,1.0,0,0.7400794520547945,0.24158351149128274,33465.091528408986,6.693018305681798,820065.8237124938,87.42030927252982,13418.643605016498,0.0,0,inf,5000.0,0.0,8.491022948499765,0.0,0.0,13,11,12,0,0.3794224772006413,0.18409771974553343,0.16938957300867036
5000,med,0,100,0.0,0.25,tickets,365,1,True,1128,39,9.153846153846153,4,17,0.0,0.5641025641025641,0.05128205128205128,21419.029665000002,45786.57323067386,3904.4246575342468,1.0,0,0.7465046575342466,0.23639535754989205,31207.47247144684,6.241494494289368,824339.1535153984,87.87585296450105,21504.78015688516,0.0,0,inf,5000.0,0.0,8.450888140615925,0.0,0.0,10,11,18,0,0.20222934858692548,0.18086857022087913,0.25023102588467294
5000,med,0,100,0.0,0.25,tickets,365,2,True,1129,37,9.675675675675675,4,16,0.0,0.5135135135135135,0.05405405405405406,22203.117000000002,39776.03834735348,3933.019178082192,1.0,0,0.7523506849315068,0.22683279192265898,37990.15474114747,7.598030948229494,832007.1906026854,88.69327780321609,18278.266312480966,0.0,0,inf,5000.0,0.0,8.56556762410742,0.0,0.0,9,14,14,0,0.2563555225671875,0.23307535291675893,0.18486144150284597
5000,med,0,300,0.0,0.25,tickets,365,0,True,1138,36,10.055555555555555,4,17,0.0,0.6111111111111112,0.027777777777777776,22427.07703663866,43479.54005573886,3865.1260273972603,1.0,0,0.7400794520547945,0.24158351149128274,33465.091528408986,6.693018305681798,820065.8237124938,87.42030927252982,13418.643605016498,0.0,0,inf,5000.0,0.0,8.491022948499765,0.0,0.0,13,11,12,0,0.3794224772006413,0.18409771974553343,0.16938957300867036
5000,med,0,300,0.0,0.25,tickets,365,1,True,1128,39,9.153846153846153,4,17,0.0,0.5641025641025641,0.05128205128205128,21419.029665000002,45786.57323067386,3904.4246575342468,1.0,0,0.7465046575342466,0.23639535754989205,31207.47247144684,6.241494494289368,824339.1535153984,87.87585296450105,21504.78015688516,0.0,0,inf,5000.0,0.0,8.450888140615925,0.0,0.0,10,11,18,0,0.20222934858692548,0.18086857022087913,0.25023102588467294
5000,med,0,300,0.0,0.25,tickets,365,2,True,1129,37,9.675675675675675,4,16,0.0,0.5135135135135135,0.05405405405405406,22203.117000000002,39776.03834735348,3933.019178082192,1.0,0,0.7523506849315068,0.22683279192265898,37990.15474114747,7.598030948229494,832007.1906026854,88.69327780321609,18278.266312480966,0.0,0,inf,5000.0,0.0,8.56556762410742,0.0,0.0,9,14,14,0,0.2563555225671875,0.23307535291675893,0.18486144150284597
5000,med,0,786,0.0,0.25,tickets,365,0,True,1138,36,10.055555555555555,4,17,0.0,0.6111111111111112,0.027777777777777776,22427.07703663866,43479.54005573886,3865.1260273972603,1.0,0,0.7400794520547945,0.24158351149128274,33465.091528408986,6.693018305681798,820065.8237124938,87.42030927252982,13418.643605016498,0.0,0,inf,5000.0,0.0,8.491022948499765,0.0,0.0,13,11,12,0,0.3794224772006413,0.18409771974553343,0.16938957300867036
5000,med,0,786,0.0,0.25,tickets,365,1,True,1128,39,9.153846153846153,4,17,0.0,0.5641025641025641,0.05128205128205128,21419.029665000002,45786.57323067386,3904.4246575342468,1.0,0,0.7465046575342466,0.23639535754989205,31207.47247144684,6.241494494289368,824339.1535153984,87.87585296450105,21504.78015688516,0.0,0,inf,5000.0,0.0,8.450888140615925,0.0,0.0,10,11,18,0,0.20222934858692548,0.18086857022087913,0.25023102588467294
5000,med,0,786,0.0,0.25,tickets,365,2,True,1129,37,9.675675675675675,4,16,0.0,0.5135135135135135,0.05405405405405406,22203.117000000002,39776.03834735348,3933.019178082192,1.0,0,0.7523506849315068,0.22683279192265898,37990.15474114747,7.598030948229494,832007.1906026854,88.69327780321609,18278.266312480966,0.0,0,inf,5000.0,0.0,8.56556762410742,0.0,0.0,9,14,14,0,0.2563555225671875,0.23307535291675893,0.18486144150284597
5000,med,5,100,0.0,0.25,tickets,365,0,True,1138,35,10.228571428571428,5,16,0.0,0.6571428571428571,0.08571428571428572,24280.65,41601.39401522089,3906.4904109589042,1.0,0,0.7494455128791165,0.22587387567357722,44544.0858329389,9.112947183498138,827609.1036865232,88.22443480634809,15016.5196777371,11316.0,112,3.2589285714285716,4888.0,0.022399999999999975,10.899026597213973,0.008582836151147124,0.0,7,11,17,0,0.15402230639877887,0.2414215789450154,0.23469912092101206
5000,med,5,100,0.0,0.25,tickets,365,1,True,1128,36,10.055555555555555,4,16,0.0,0.5555555555555556,0.05555555555555555,23248.428225736043,41768.80322580002,3935.66301369863,1.0,0,0.7543022982542491,0.2192236568156794,47763.20110867813,9.779525206527053,835503.318882426,89.06597058790953,7842.7271292085,11786.0,116,3.146551724137931,4884.0,0.0232,11.14715889031259,0.008870761710442689,0.0,11,11,14,0,0.3156683424136291,0.19177445133298887,0.1954653536017481
5000,med,5,100,0.0,0.25,tickets,365,2,True,1129,38,9.473684210526315,4,16,0.0,0.5,0.10526315789473684,22401.519080869606,40357.51306188388,3873.4301369863015,1.0,0,0.7426294388062381,0.2399595169772257,31424.305743170888,6.427552821266289,819054.006429701,87.31244795550943,17958.311996837812,11309.0,111,3.2882882882882885,4889.0,0.022199999999999998,10.753842362924221,0.008640530993731795,0.0,10,10,18,0,0.2778149444275604,0.14405274806828366,0.25094307926642895
5000,med,5,300,0.0,0.25,tickets,365,0,True,1138,38,9.210526315789474,4,15,0.0,0.47368421052631576,0.02631578947368421,21469.64794645743,39699.15274274018,3930.378082191781,1.0,0,0.7486215373447064,0.23888523827382394,22716.80468955751,4.57631037259418,823709.3904496826,87.80871922915767,40383.50674088796,11139.0,36,10.13888888888889,4964.0,0.007199999999999984,8.985644410808687,0.00838707698656339,0.0,13,13,12,0,0.3021037735555191,0.21472223485828335,0.16462478357322521
5000,med,5,300,0.0,0.25,tickets,365,1,True,1128,36,9.916666666666666,5,15,0.0,0.6388888888888888,0.05555555555555555,23120.078352767752,40076.63136,3973.043835616438,1.0,0,0.7557001591176971,0.226661806351346,32068.61012049384,6.4641423343063575,838512.4973010821,89.38675374995407,21742.78755696825,11741.0,39,9.35897435897436,4961.0,0.007800000000000029,9.402612770807789,0.008759027445918074,0.0,8,13,15,0,0.20493348200660425,0.23225837431457333,0.21326001781975165
5000,med,5,300,0.0,0.25,tickets,365,2,True,1129,38,9.421052631578947,5,16,0.0,0.5,0.02631578947368421,21108.770075769222,39581.11941311985,3890.4821917808217,1.0,0,0.7406284592174587,0.24304658062179682,29687.11962687571,5.980483405897605,821553.747920023,87.57892433809545,21689.285823935956,11077.0,36,10.13888888888889,4964.0,0.007199999999999984,9.160997250064932,0.008414634661618871,0.0,11,13,14,0,0.29331279369483704,0.22391471889502776,0.1743802101975318
5000,med,5,786,0.0,0.25,tickets,365,0,True,1138,38,9.447368421052632,3,15,0.02631578947368421,0.5,0.05263157894736842,21186.32320569762,37706.55535889645,3854.986301369863,1.0,0,0.7323151712010271,0.24071540789164222,49153.52261596872,9.858307784991721,817977.2339389974,87.19766231095309,11417.794970806995,11363.0,14,26.071428571428573,4986.0,0.0028000000000000247,8.777336180612552,0.008735883786876274,0.0,7,12,19,0,0.17199664600064407,0.21906286321556276,0.2464182857566479
5000,med,5,786,0.0,0.25,tickets,365,1,True,1128,36,10.11111111111111,5,15,0.0,0.5833333333333334,0.027777777777777776,25154.23547608057,37912.624816435,4048.558904109589,1.0,0,0.7686289098228478,0.21517832864840142,29512.23087355563,5.919019429112641,858780.753018792,91.54738175324727,10850.451547380844,11666.0,14,26.071428571428573,4986.0,0.0028000000000000247,9.214041719312716,0.008535423394355103,0.0,9,14,13,0,0.28616395218151636,0.2358446696278457,0.1762844826521403
5000,med,5,786,0.0,0.25,tickets,365,2,True,1129,36,10.0,4,16,0.0,0.6111111111111112,0.05555555555555555,24354.755714975592,39635.40701711331,3964.4712328767123,1.0,0,0.7533275907474871,0.22828046937779928,33521.8852932475,6.7232020243175885,839522.9440601638,89.49446896698683,16367.346631540195,11184.0,14,26.071428571428573,4986.0,0.0028000000000000247,8.952523108858308,0.008345357946472504,0.0,11,10,14,1,0.30021737843485596,0.1667359654933367,0.20632626178373256
5000,med,25,100,0.0,0.25,tickets,365,0,True,1138,35,10.257142857142858,5,16,0.0,0.6,0.05714285714285714,24737.638588200014,37963.038334647186,3926.832876712329,1.0,0,0.7605447983943223,0.22164298893830559,30715.04109157571,6.9100204930429046,829548.0276926755,88.4311271612452,15988.062460510646,56205.0,555,0.6576576576576577,4445.0,0.11099999999999999,21.345774054109505,0.04237372095327267,0.0,8,13,13,1,0.23891984147604897,0.26960558504370635,0.17975113275918586
5000,med,25,100,0.0,0.25,tickets,365,1,True,1128,39,9.256410256410257,3,17,0.02564102564102564,0.41025641025641024,0.02564102564102564,19743.546221726272,41866.3638665179,3883.9150684931506,1.0,0,0.7507807127707563,0.2265629874253378,39075.456209595606,8.781001395414743,820885.7374095522,87.50771336486126,10832.185253257001,55599.0,550,0.6636363636363637,4450.0,0.10999999999999999,21.174917167749832,0.04237427422830656,0.0027397260273972603,11,11,15,2,0.2609120189076543,0.17738622618287345,0.22025826133150128
5000,med,25,100,0.0,0.25,tickets,365,2,True,1129,35,10.228571428571428,4,15,0.0,0.6571428571428571,0.05714285714285714,24438.301746984056,40393.620258668125,3904.3561643835615,1.0,0,0.7555754556493565,0.22261698745695527,37624.25079532738,8.447294745246381,824281.4476541325,87.86970142874281,15547.976568431,55210.0,546,0.6684981684981685,4454.0,0.10919999999999996,21.056056235177074,0.041862619202997706,0.0,8,17,9,1,0.21350117350128334,0.29574830816881215,0.15216469138724598
5000,med,25,300,0.0,0.25,tickets,365,0,True,1138,36,10.0,4,17,0.0,0.5833333333333334,0.08333333333333333,23652.7510379294,42134.449261436144,3951.0109589041094,1.0,0,0.7379497423025734,0.2396989667499499,40036.7052070859,8.314995889322097,836788.975342056,89.20302359276502,12784.339042246056,55806.0,185,1.972972972972973,4815.0,0.03700000000000003,12.611216015037375,0.041828725646080527,0.0,6,16,13,1,0.1741321362736965,0.26807616764718645,0.19777154799238003
5000,med,25,300,0.0,0.25,tickets,365,1,True,1128,38,9.368421052631579,4,16,0.0,0.5,0.05263157894736842,21049.557113025025,41053.51193026104,3945.1753424657536,1.0,0,0.7355379748779901,0.2403276336890763,43205.942634240695,8.980657375647619,831902.5335058656,88.68212119175027,19790.536183577777,56976.0,189,1.9312169312169312,4811.0,0.037799999999999945,12.569591710474157,0.04278921575095365,0.0027397260273972603,10,13,13,2,0.2586085747939898,0.21199195623055275,0.194149801344669
5000,med,25,300,0.0,0.25,tickets,365,2,True,1129,35,10.257142857142858,4,16,0.0,0.6571428571428571,0.05714285714285714,27665.618502671336,41345.17188120603,4105.77808219178,1.0,0,0.7675899315115908,0.21418079379871918,32653.224746456217,6.781562771849682,867583.8219442243,92.48580277477554,17231.518556171915,55735.0,185,1.972972972972973,4815.0,0.03700000000000003,12.899215873902138,0.04018259599401845,0.0,7,15,13,0,0.26601293368524614,0.2334236816337036,0.20083202923378166
5000,med,25,786,0.0,0.25,tickets,365,0,True,1138,37,9.81081081081081,4,15,0.0,0.6216216216216216,0.05405405405405406,23889.600000000006,40224.27448750664,4060.4520547945203,1.0,0,0.7503159593408619,0.22885270918761472,37745.16440917476,7.659327193420203,861769.3776663902,91.86597385090323,9024.762534109981,56833.0,72,5.069444444444445,4928.0,0.014399999999999968,10.47796612498242,0.0414725400033062,0.0,10,8,18,1,0.29338662677160027,0.1454234937978918,0.2533519356332001
5000,med,25,786,0.0,0.25,tickets,365,1,True,1128,35,10.114285714285714,5,15,0.0,0.6,0.02857142857142857,23830.55996225179,38249.91739379921,4075.646575342466,1.0,0,0.7526336759549386,0.23064649257840658,30298.106919713708,6.145660632801969,856186.5449575081,91.27083508531267,30239.84411898082,55775.0,70,5.214285714285714,4930.0,0.014000000000000012,10.149571203889408,0.040504540501515515,0.0,6,10,17,2,0.15704792422304834,0.17941836473139938,0.25883031668707196
5000,med,25,786,0.0,0.25,tickets,365,2,True,1129,35,10.342857142857143,5,16,0.0,0.6285714285714286,0.02857142857142857,27694.929272485715,41213.62120317376,4070.9342465753425,1.0,0,0.7525330381892336,0.227064869930534,36977.73062414359,7.50055387913663,863494.1969350436,92.04984230334318,9311.58858188122,55427.0,70,5.214285714285714,4930.0,0.014000000000000012,10.45101144638578,0.040318569800880416,0.0,10,5,17,3,0.29989911798779556,0.09034536605730847,0.26449218555571036
5000,high,0,100,0.0,0.25,tickets,365,0,True,1138,36,10.055555555555555,6,17,0.0,0.5833333333333334,0.027777777777777776,28208.97016056,49054.67119543557,4755.567123287671,1.0,0,0.9127671232876712,0.07535294265669272,21680.879651535808,4.336175930307162,1011344.8123544332,107.81095092701914,16752.525407589197,0.0,0,inf,5000.0,0.0,10.4693924941773,0.0,0.0,8,15,13,0,0.24926212553352267,0.26369185820129426,0.1768012089201719
5000,high,0,100,0.0,0.25,tickets,365,1,True,1128,41,8.75609756097561,4,14,0.0,0.4634146341463415,0.0,24581.256691218543,40856.08536630001,4773.194520547945,1.0,0,0.9143901369863013,0.0728893528590767,23214.93103218507,4.642986206437015,1011874.280389419,107.86739305401674,20335.034909627902,0.0,0,inf,5000.0,0.0,10.437255215576743,0.0,0.0,11,11,19,0,0.278489030057852,0.18601132275511495,0.2114787493862529
5000,high,0,100,0.0,0.25,tickets,365,2,True,1129,36,10.0,5,15,0.0,0.5555555555555556,0.05555555555555555,30170.23328254895,44739.03050325,4778.438356164384,1.0,0,0.9156224657534247,0.0702318230204605,25815.922987659513,5.163184597531902,1014171.948314131,108.11232807603066,17747.354720432326,0.0,0,inf,5000.0,0.0,10.48867993256525,0.0,0.0,7,13,16,0,0.2574639781760246,0.2069686703209553,0.21014434945870078
5000,high,0,300,0.0,0.25,tickets,365,0,True,1138,36,10.055555555555555,6,17,0.0,0.5833333333333334,0.027777777777777776,28208.97016056,49054.67119543557,4755.567123287671,1.0,0,0.9127671232876712,0.07535294265669272,21680.879651535808,4.336175930307162,1011344.8123544332,107.81095092701914,16752.525407589197,0.0,0,inf,5000.0,0.0,10.4693924941773,0.0,0.0,8,15,13,0,0.24926212553352267,0.26369185820129426,0.1768012089201719
5000,high,0,300,0.0,0.25,tickets,365,1,True,1128,41,8.75609756097561,4,14,0.0,0.4634146341463415,0.0,24581.256691218543,40856.08536630001,4773.194520547945,1.0,0,0.9143901369863013,0.0728893528590767,23214.93103218507,4.642986206437015,1011874.280389419,107.86739305401674,20335.034909627902,0.0,0,inf,5000.0,0.0,10.437255215576743,0.0,0.0,11,11,19,0,0.278489030057852,0.18601132275511495,0.2114787493862529
5000,high,0,300,0.0,0.25,tickets,365,2,True,1129,36,10.0,5,15,0.0,0.5555555555555556,0.05555555555555555,30170.23328254895,44739.03050325,4778.438356164384,1.0,0,0.9156224657534247,0.0702318230204605,25815.922987659513,5.163184597531902,1014171.948314131,108.11232807603066,17747.354720432326,0.0,0,inf,5000.0,0.0,10.48867993256525,0.0,0.0,7,13,16,0,0.2574639781760246,0.2069686703209553,0.21014434945870078
5000,high,0,786,0.0,0.25,tickets,365,0,True,1138,36,10.055555555555555,6,17,0.0,0.5833333333333334,0.027777777777777776,28208.97016056,49054.67119543557,4755.567123287671,1.0,0,0.9127671232876712,0.07535294265669272,21680.879651535808,4.336175930307162,1011344.8123544332,107.81095092701914,16752.525407589197,0.0,0,inf,5000.0,0.0,10.4693924941773,0.0,0.0,8,15,13,0,0.24926212553352267,0.26369185820129426,0.1768012089201719
5000,high,0,786,0.0,0.25,tickets,365,1,True,1128,41,8.75609756097561,4,14,0.0,0.4634146341463415,0.0,24581.256691218543,40856.08536630001,4773.194520547945,1.0,0,0.9143901369863013,0.0728893528590767,23214.93103218507,4.642986206437015,1011874.280389419,107.86739305401674,20335.034909627902,0.0,0,inf,5000.0,0.0,10.437255215576743,0.0,0.0,11,11,19,0,0.278489030057852,0.18601132275511495,0.2114787493862529
5000,high,0,786,0.0,0.25,tickets,365,2,True,1129,36,10.0,5,15,0.0,0.5555555555555556,0.05555555555555555,30170.23328254895,44739.03050325,4778.438356164384,1.0,0,0.9156224657534247,0.0702318230204605,25815.922987659513,5.163184597531902,1014171.948314131,108.11232807603066,17747.354720432326,0.0,0,inf,5000.0,0.0,10.48867993256525,0.0,0.0,7,13,16,0,0.2574639781760246,0.2069686703209553,0.21014434945870078
5000,high,5,100,0.0,0.25,tickets,365,0,True,1138,38,9.342105263157896,5,14,0.0,0.42105263157894735,0.0,26492.768540089182,37462.84428842181,4726.010958904109,1.0,0,0.9102901599822248,0.07574429385890266,25204.50098232527,5.156403637955251,1000647.6433434461,106.6706158511742,26873.728638351306,11345.0,112,3.2589285714285716,4888.0,0.022399999999999975,12.634547859772216,0.007103213112625319,0.0,11,8,19,0,0.31979588924268937,0.15197751489401856,0.22046261178611742
5000,high,5,100,0.0,0.25,tickets,365,1,True,1128,40,8.975,4,15,0.0,0.45,0.025,25948.633341663393,41736.94925399753,4773.356164383562,1.0,0,0.917642912400556,0.07107215273574022,20364.026079469153,4.1695385093098185,1010344.4625799288,107.70431206445565,22858.93477619926,11817.0,116,3.146551724137931,4884.0,0.0232,12.869484594551057,0.007329497352599332,0.0,11,17,12,0,0.25588902471414915,0.29513105175896037,0.14867473635621867
5000,high,5,100,0.0,0.25,tickets,365,2,True,1129,37,9.81081081081081,4,16,0.0,0.5405405405405406,0.02702702702702703,28633.662273891772,45855.91460465027,4727.457534246575,1.0,0,0.9088181453120456,0.07565416011079087,28034.087981975394,5.73294232760233,1005121.7484180417,107.1475625035396,10452.564429483842,11123.0,110,3.3181818181818183,4890.0,0.02200000000000002,12.815911342847365,0.006954996806763402,0.0,7,13,17,0,0.23260835682247072,0.21025691225921536,0.225825979187779
5000,high,5,300,0.0,0.25,tickets,365,0,True,1138,36,9.75,5,14,0.0,0.5833333333333334,0.0,29226.280409060037,41944.91170323185,4802.060273972603,1.0,0,0.9182746560200614,0.07236469851461333,17021.584927056872,3.429696741296972,1011982.4916152912,107.87892854124101,41189.873477185756,11326.0,37,9.864864864864865,4963.0,0.007399999999999962,10.994401839987301,0.00698615662683597,0.0,7,10,19,0,0.23128732082718093,0.16052988680038444,0.24065124372437469
5000,high,5,300,0.0,0.25,tickets,365,1,True,1128,37,9.756756756756756,4,15,0.0,0.5945945945945946,0.02702702702702703,27555.975000000002,44432.29567533426,4810.906849315069,1.0,0,0.9183449872039345,0.0693242267926963,22419.058271807575,4.519060324895701,1020636.9524298344,108.80150770393469,17728.593196465976,11909.0,39,9.35897435897436,4961.0,0.007800000000000029,11.377370082992867,0.007339487158460143,0.0,5,10,22,0,0.1309923121710215,0.16713060508670927,0.29532065012481784
5000,high,5,300,0.0,0.25,tickets,365,2,True,1129,40,9.025,4,15,0.0,0.5,0.025,26993.623197915033,41126.26023887924,4744.7479452054795,1.0,0,0.9058730036517225,0.0780049722407552,29314.99887519011,5.906709424781405,1007424.4103191023,107.39302989130306,15256.91110651509,11339.0,37,9.864864864864865,4963.0,0.007399999999999962,11.221077991662133,0.007075739981857373,0.0,8,11,20,1,0.21031750736674573,0.18977439959001532,0.23393339960898982
5000,high,5,786,0.0,0.25,tickets,365,0,True,1138,38,9.394736842105264,4,15,0.0,0.5,0.02631578947368421,26960.21321327721,42862.08657600001,4771.6630136986305,1.0,0,0.9103561152579125,0.07574981890022567,25322.71306448029,5.078763149715261,1011312.7355235546,107.80753148629275,25084.54053404767,11445.0,14,26.071428571428573,4986.0,0.0028000000000000247,10.67389661320609,0.007117360077213825,0.0,11,12,15,0,0.31498563868593926,0.2343402031453383,0.1686263410586895
5000,high,5,786,0.0,0.25,tickets,365,1,True,1128,37,9.567567567567568,5,14,0.0,0.5405405405405406,0.0,27237.299175157506,39068.1167828283,4819.630136986301,1.0,0,0.9179943880703149,0.0711869367978088,19717.533086900738,3.95457943981162,1017086.550103599,108.42302922034624,33081.86970992477,11664.0,14,26.071428571428573,4986.0,0.0028000000000000247,10.6504254772271,0.007174426503483187,0.0,10,9,18,0,0.29286946406343944,0.15259797761585844,0.22282226714861667
5000,high,5,786,0.0,0.25,tickets,365,2,True,1129,37,9.783783783783784,5,17,0.0,0.5405405405405406,0.05405405405405406,28056.131658737195,49589.29620819101,4780.12602739726,1.0,0,0.9109067446775359,0.0744338721068888,26718.954136634893,5.357720901671324,1016793.7822441151,108.39181970510846,10724.279716479223,10931.0,13,28.076923076923077,4987.0,0.0026000000000000467,10.862346222995098,0.006756857445152475,0.0,10,9,18,0,0.3242472363010621,0.16891847404705915,0.2166634722740314
5000,high,25,100,0.0,0.25,tickets,365,0,True,1138,40,9.1,5,14,0.0,0.475,0.0,26732.50330782564,37596.14163891068,4654.7945205479455,1.0,0,0.9091148128885486,0.07712292928791946,23762.16207875098,5.3350161829256795,989938.6019344224,105.52901515898711,6740.6545836206515,55200.0,546,0.6684981684981685,4454.0,0.10919999999999996,23.117650500120483,0.0351153619776339,0.0,5,18,15,2,0.14909882555034867,0.3256624550472446,0.17347210560311072
5000,high,25,100,0.0,0.25,tickets,365,1,True,1128,38,9.605263157894736,5,15,0.0,0.4473684210526316,0.05263157894736842,25900.033002534732,40752.17116502085,4711.671232876713,1.0,0,0.9197098114087335,0.06956899965727514,18486.095788946,4.157916281814215,998934.7290609269,106.48801648901905,10594.138629406523,56061.0,554,0.6588447653429603,4446.0,0.11080000000000001,23.388920085624374,0.03522584546680932,0.0,5,14,19,0,0.13136893562543708,0.25870626928434143,0.2537124957258387
5000,high,25,100,0.0,0.25,tickets,365,2,True,1129,38,9.447368421052632,5,13,0.0,0.6052631578947368,0.0,27786.850665183774,39931.513490603844,4651.350684931507,1.0,0,0.9077261632978822,0.07621051245635223,27694.199052451506,6.229014631680501,983656.3356555434,104.85931567249254,17805.640164482324,56100.0,554,0.6588447653429603,4446.0,0.11080000000000001,23.122685564464497,0.03570622879905851,0.0,6,17,15,0,0.1778928152246953,0.28787144711399176,0.19949094384234542
5000,high,25,300,0.0,0.25,tickets,365,0,True,1138,37,9.594594594594595,5,15,0.0,0.5675675675675675,0.02702702702702703,25848.595483632216,44839.41827820512,4815.7945205479455,1.0,0,0.9085805987975805,0.07757911236106531,24786.421042804035,5.149890098234788,1018104.4933410408,108.531543573787,28478.878645089688,56559.0,187,1.9518716577540107,4813.0,0.03739999999999999,14.466551672379792,0.03479589137342022,0.0,9,10,17,1,0.2691651338647619,0.1753887879873161,0.22799532079097665
5000,high,25,300,0.0,0.25,tickets,365,1,True,1128,38,9.447368421052632,5,15,0.0,0.5,0.02631578947368421,28007.43885513458,41516.725432550316,4868.93698630137,1.0,0,0.917287737337222,0.07029571720838745,22236.282175904453,4.620046161625692,1030354.2999125884,109.83739226062217,20624.57024475538,56458.0,187,1.9518716577540107,4813.0,0.03739999999999999,14.686396117488787,0.03433057875421599,0.0,8,16,14,0,0.22507229589793676,0.29242900169798763,0.17818687732869568
5000,high,25,300,0.0,0.25,tickets,365,2,True,1129,38,9.342105263157896,4,15,0.0,0.5526315789473685,0.02631578947368421,27317.12778301214,45393.3562269778,4842.293150684932,1.0,0,0.9121767921252018,0.07524055263861805,22535.913007655825,4.681328003252145,1021505.4164929804,108.89408734180887,29542.90381965696,56181.0,186,1.9623655913978495,4814.0,0.03720000000000001,14.469609594115278,0.034352568153772946,0.0,5,16,16,1,0.15999880352533996,0.2638984445394004,0.21015985308148113
5000,high,25,786,0.0,0.25,tickets,365,0,True,1138,36,9.972222222222221,6,15,0.0,0.5833333333333334,0.027777777777777776,29055.82207497846,44891.85090100862,4880.81095890411,1.0,0,0.9107875356296339,0.07485364333983695,26018.82985426516,5.278723849516162,1035383.5737367204,110.3735207766619,19783.133537185342,56546.0,71,5.140845070422535,4929.0,0.01419999999999999,12.195773794785632,0.03429982441723136,0.0,7,9,19,1,0.23598310164515032,0.17641118077636164,0.24246827881810856
5000,high,25,786,0.0,0.25,tickets,365,1,True,1128,35,10.17142857142857,6,15,0.0,0.6285714285714286,0.02857142857142857,30713.37300000002,43167.08100022865,4936.7945205479455,1.0,0,0.9201353686461093,0.07183349160663702,14551.95138477854,2.952313123306663,1041180.4520356895,110.99147713950228,32502.174300068607,56633.0,71,5.140845070422535,4929.0,0.01419999999999999,12.121859341507895,0.033955259083316224,0.0,9,11,14,1,0.25709919418604005,0.21492510462249134,0.20037142395391644
5000,high,25,786,0.0,0.25,tickets,365,2,True,1129,38,9.605263157894736,5,14,0.0,0.5526315789473685,0.0,28597.681717831758,42816.891057493616,4886.161643835617,1.0,0,0.9111568184664581,0.0761942191057469,22926.206453491046,4.649403052827225,1038923.1859743673,110.75084901980105,8654.699271774092,54753.0,69,5.2898550724637685,4931.0,0.013800000000000034,12.30934029508531,0.033187940894300876,0.0,8,14,15,1,0.23470154538256038,0.22694451437832375,0.21490675139626897
10000,low,0,100,0.0,0.25,tickets,365,0,True,2188,38,9.421052631578947,3,18,0.07894736842105263,0.47368421052631576,0.07894736842105263,27137.065563684006,60886.783882389995,5134.5232876712325,1.0,0,0.48935780821917807,0.4863045248675823,88832.48423332503,8.883248423332503,1080732.1046595227,115.20774564458678,28276.86695333514,0.0,0,inf,10000.0,0.0,5.539238093190464,0.0,0.0,9,22,7,0,0.1572680004673998,0.33809758081151686,0.13080686137521894
10000,low,0,100,0.0,0.25,tickets,365,1,True,2178,38,9.447368421052632,3,17,0.02631578947368421,0.47368421052631576,0.07894736842105263,28022.5840644473,62166.065612665014,5258.597260273973,1.0,0,0.5011104109589041,0.4665428269517113,118065.6816262533,11.806568162625329,1113069.9109196388,118.65500675791618,11084.879425011492,0.0,0,inf,10000.0,0.0,5.799921218392775,0.0,0.0,10,21,7,0,0.20496966599825497,0.32200395682746297,0.12427152307810051
10000,low,0,100,0.0,0.25,tickets,365,2,True,2278,37,9.756756756756756,4,16,0.0,0.5135135135135135,0.16216216216216217,28544.848020620386,69809.09234181211,5310.276712328767,1.0,0,0.5074687671232877,0.4583521533635379,124753.64022308776,12.475364022308776,1127886.658709888,120.23449542429276,9283.665612313544,0.0,0,inf,10000.0,0.0,5.887384174197762,0.0,0.0,11,15,11,0,0.2405984393718407,0.24764613054819684,0.1822890158954374
10000,low,0,300,0.0,0.25,tickets,365,0,True,2188,38,9.421052631578947,3,18,0.07894736842105263,0.47368421052631576,0.07894736842105263,27137.065563684006,60886.783882389995,5134.5232876712325,1.0,0,0.48935780821917807,0.4863045248675823,88832.48423332503,8.883248423332503,1080732.1046595227,115.20774564458678,28276.86695333514,0.0,0,inf,10000.0,0.0,5.539238093190464,0.0,0.0,9,22,7,0,0.1572680004673998,0.33809758081151686,0.13080686137521894
10000,low,0,300,0.0,0.25,tickets,365,1,True,2178,38,9.447368421052632,3,17,0.02631578947368421,0.47368421052631576,0.07894736842105263,28022.5840644473,62166.065612665014,5258.597260273973,1.0,0,0.5011104109589041,0.4665428269517113,118065.6816262533,11.806568162625329,1113069.9109196388,118.65500675791618,11084.879425011492,0.0,0,inf,10000.0,0.0,5.799921218392775,0.0,0.0,10,21,7,0,0.20496966599825497,0.32200395682746297,0.12427152307810051
10000,low,0,300,0.0,0.25,tickets,365,2,True,2278,37,9.756756756756756,4,16,0.0,0.5135135135135135,0.16216216216216217,28544.848020620386,69809.09234181211,5310.276712328767,1.0,0,0.5074687671232877,0.4583521533635379,124753.64022308776,12.475364022308776,1127886.658709888,120.23449542429276,9283.665612313544,0.0,0,inf,10000.0,0.0,5.887384174197762,0.0,0.0,11,15,11,0,0.2405984393718407,0.24764613054819684,0.1822890158954374
10000,low,0,786,0.0,0.25,tickets,365,0,True,2188,38,9.421052631578947,3,18,0.07894736842105263,0.47368421052631576,0.07894736842105263,27137.065563684006,60886.783882389995,5134.5232876712325,1.0,0,0.48935780821917807,0.4863045248675823,88832.48423332503,8.883248423332503,1080732.1046595227,115.20774564458678,28276.86695333514,0.0,0,inf,10000.0,0.0,5.539238093190464,0.0,0.0,9,22,7,0,0.1572680004673998,0.33809758081151686,0.13080686137521894
10000,low,0,786,0.0,0.25,tickets,365,1,True,2178,38,9.447368421052632,3,17,0.02631578947368421,0.47368421052631576,0.07894736842105263,28022.5840644473,62166.065612665014,5258.597260273973,1.0,0,0.5011104109589041,0.4665428269517113,118065.6816262533,11.806568162625329,1113069.9109196388,118.65500675791618,11084.879425011492,0.0,0,inf,10000.0,0.0,5.799921218392775,0.0,0.0,10,21,7,0,0.20496966599825497,0.32200395682746297,0.12427152307810051
10000,low,0,786,0.0,0.25,tickets,365,2,True,2278,37,9.756756756756756,4,16,0.0,0.5135135135135135,0.16216216216216217,28544.848020620386,69809.09234181211,5310.276712328767,1.0,0,0.5074687671232877,0.4583521533635379,124753.64022308776,12.475364022308776,1127886.658709888,120.23449542429276,9283.665612313544,0.0,0,inf,10000.0,0.0,5.887384174197762,0.0,0.0,11,15,11,0,0.2405984393718407,0.24764613054819684,0.1822890158954374
10000,low,5,100,0.0,0.25,tickets,365,0,True,2188,37,9.72972972972973,3,16,0.02702702702702703,0.5405405405405406,0.05405405405405406,30021.75320401952,55323.182906685,5224.989041095891,1.0,0,0.497758165031562,0.47485861211419655,99396.69026201862,10.053270988370448,1105459.151442426,117.84368780270746,13870.575961205852,11438.0,113,3.230088495575221,9887.0,0.011299999999999977,6.883002811959519,0.0064804488021473206,0.0,13,10,14,0,0.276132603969589,0.15334727266623135,0.24971108908526113
10000,low,5,100,0.0,0.25,tickets,365,1,True,2178,38,9.5,3,17,0.02631578947368421,0.5,0.07894736842105263,29879.031338576726,66776.02864807015,5416.22191780822,1.0,0,0.5157665042933676,0.45288370817266127,113771.07504250927,11.507138165521319,1147163.0411882563,122.28938817703026,8194.964672884442,11427.0,113,3.230088495575221,9887.0,0.011299999999999977,7.135218645798479,0.006246076600936507,0.0,16,11,11,0,0.30414635826759073,0.1959945029470927,0.18796480519063247
10000,low,5,100,0.0,0.25,tickets,365,2,True,2278,40,9.1,4,18,0.0,0.425,0.025,28357.16672896919,69858.39410354366,4996.720547945206,1.0,0,0.47671745011570826,0.49814821472306586,91243.94535337698,9.222149318109661,1061195.7495008323,113.125139394397,6416.831397671612,10779.0,106,3.443396226415094,9894.0,0.010600000000000054,6.615953882065637,0.006393782661833543,0.0,15,16,9,0,0.26661364899954776,0.2605026979770378,0.15249313643057436
10000,low,5,300,0.0,0.25,tickets,365,0,True,2188,38,9.473684210526315,3,15,0.05263157894736842,0.5526315789473685,0.02631578947368421,29460.787739361716,55682.18925146415,5501.008219178082,1.0,0,0.5221490974656906,0.45449415769326973,85094.25043141464,8.54102684245856,1161372.496481439,123.80413850609622,20594.26985196971,11391.0,37,9.864864864864865,9963.0,0.0037000000000000366,6.3747693772043235,0.006128888950867288,0.0,11,14,13,0,0.22545952290397003,0.21751538659835898,0.21711218951925204
10000,low,5,300,0.0,0.25,tickets,365,1,True,2178,36,10.027777777777779,4,16,0.0,0.5833333333333334,0.08333333333333333,28781.066600714643,62158.468264371324,5323.380821917808,1.0,0,0.5052361331202885,0.4660501186203669,104605.6493099547,10.500466704472466,1127099.1231385851,120.15054289119638,11201.485211962545,11492.0,38,9.605263157894736,9962.0,0.0038000000000000256,6.253375816100864,0.006397211783221498,0.0,8,15,13,0,0.1513494587311901,0.2742330586726037,0.22170215209012273
10000,low,5,300,0.0,0.25,tickets,365,2,True,2278,39,9.23076923076923,4,16,0.0,0.46153846153846156,0.05128205128205128,26915.733755380497,62034.90419802557,4966.41095890411,1.0,0,0.47233659819478396,0.4929650859314898,126421.30138360074,12.687806240827053,1054811.151890907,112.44453122673357,8265.874705461945,11079.0,36,10.13888888888889,9964.0,0.0036000000000000476,5.86696017096538,0.006604918521133753,0.0,11,16,11,1,0.19363180696866802,0.2932518983628869,0.16621316585723406
10000,low,5,786,0.0,0.25,tickets,365,0,True,2188,39,9.256410256410257,4,17,0.0,0.48717948717948717,0.10256410256410256,28900.336887508798,57563.70690222432,5280.147945205479,1.0,0,0.5004594865046401,0.47305795268904105,96596.46466908822,9.6731889314128,1117425.7085964829,119.11934165522284,12026.575929849514,11285.0,14,26.071428571428573,9986.0,0.0013999999999999568,5.957560898060399,0.006320391603805207,0.0,11,13,15,0,0.21537905663193999,0.18000949419947174,0.2712072340627286
10000,low,5,786,0.0,0.25,tickets,365,1,True,2178,37,9.81081081081081,3,18,0.02702702702702703,0.5135135135135135,0.10810810810810811,28288.559218499995,65227.555724127444,5398.008219178082,1.0,0,0.5117708229665046,0.46179569509469137,96414.83013117341,9.655000013135732,1143623.4817980728,121.91206556751398,9502.720965393273,11498.0,14,26.071428571428573,9986.0,0.0013999999999999568,6.108939291843527,0.006309277952852219,0.0,13,15,9,0,0.2690683835947081,0.22684463272187547,0.18194720256537736
10000,low,5,786,0.0,0.25,tickets,365,2,True,2278,38,9.605263157894736,3,16,0.02631578947368421,0.47368421052631576,0.13157894736842105,29171.554963759674,67463.08405658908,5291.545205479452,1.0,0,0.5028885491294601,0.468925871850178,102811.94469541601,10.294577420187846,1124929.1160326973,119.91921671366894,5360.515108447021,10748.0,13,28.076923076923077,9987.0,0.0012999999999999678,6.022244655231112,0.006014764312570997,0.0,9,15,13,1,0.12082342281690552,0.24258320793249763,0.26148249050960704
10000,low,25,100,0.0,0.25,tickets,365,0,True,2188,39,9.35897435897436,3,18,0.02564102564102564,0.48717948717948717,0.07692307692307693,25293.676469032725,68374.76746314591,5346.224657534247,1.0,0,0.5069152063546708,0.4735271781961163,69422.51366075822,7.354079836944727,1128897.005274163,120.3421999604012,13027.93523234419,56738.0,560,0.6517857142857143,9440.0,0.05600000000000005,11.786229597904612,0.03142506913084742,0.0,17,13,8,1,0.38793181385752973,0.18057107889796217,0.11530367275545722
10000,low,25,100,0.0,0.25,tickets,365,1,True,2178,40,8.975,4,16,0.0,0.475,0.025,25798.937399811402,60335.832794426504,5123.246575342466,1.0,0,0.485446482348215,0.4829941400784365,112027.14311593157,11.854724139252017,1082300.8057879675,115.3749716572305,11391.243793690453,55648.0,550,0.6636363636363637,9450.0,0.05500000000000005,11.424089425626459,0.03216442912643684,0.0,8,16,16,0,0.09232597084523007,0.23074523197334507,0.3410993058496764
10000,low,25,100,0.0,0.25,tickets,365,2,True,2278,38,9.421052631578947,5,14,0.0,0.5263157894736842,0.0,26000.29939305356,56776.26246605922,4995.4849315068495,1.0,0,0.47402812521127713,0.5022253689770456,84296.29619052549,8.923075705570604,1053106.5643870856,112.26281951231103,24478.619716161524,55976.0,553,0.6600361663652803,9447.0,0.055300000000000016,11.221945434787415,0.03318558347483097,0.0,12,15,11,0,0.21754432945063146,0.26675502013199026,0.1819578941688687
10000,low,25,300,0.0,0.25,tickets,365,0,True,2188,38,9.394736842105264,3,17,0.05263157894736842,0.47368421052631576,0.10526315789473684,29283.12211725,71226.49898480327,5361.369863013699,1.0,0,0.49970586079623636,0.46880485130784005,113853.77144157681,11.607072223628995,1133371.909145401,120.81923176574763,14554.404392873399,57571.0,191,1.9109947643979057,9809.0,0.019100000000000006,7.829780337848985,0.03180847258418928,0.0,8,13,13,4,0.11700494434705319,0.24613535255050656,0.2490807198349537
10000,low,25,300,0.0,0.25,tickets,365,1,True,2178,34,10.588235294117647,4,16,0.0,0.6764705882352942,0.17647058823529413,35455.010151270006,62696.637200211175,5756.180821917808,1.0,0,0.5380295017813669,0.4375771990504931,88214.07322092456,8.987679390822676,1217868.1637425597,129.82666567613055,12566.631520832861,55830.0,185,1.972972972972973,9815.0,0.01849999999999996,8.231407314570133,0.028721003176573508,0.0,13,12,7,2,0.2803026706155752,0.22370081349614956,0.1473422176118407
10000,low,25,300,0.0,0.25,tickets,365,2,True,2278,37,9.72972972972973,4,17,0.0,0.5135135135135135,0.05405405405405406,29063.5472129208,57918.637397630715,5485.386301369863,1.0,0,0.512758214134886,0.45869358237828106,103223.13820931147,10.521163817073843,1162243.5270843296,123.89699174115216,13475.114163876238,56964.0,189,1.9312169312169312,9811.0,0.018900000000000028,7.969734424093781,0.03075419320875492,0.0,12,11,12,2,0.23959853542628154,0.2233537076522132,0.20226592727682213
10000,low,25,786,0.0,0.25,tickets,365,0,True,2188,39,9.307692307692308,3,16,0.05128205128205128,0.5384615384615384,0.07692307692307693,27724.80324235937,70639.06560843017,5426.364383561644,1.0,0,0.5029206516437635,0.4719526548946643,91390.85971181755,9.204437477270375,1147955.2710811754,122.37384113220939,10306.440972707811,56496.0,71,5.140845070422535,9929.0,0.007099999999999995,6.7012356232641315,0.030854938067466652,0.0,10,21,7,1,0.18157566609202502,0.3161381513062665,0.16282730465923168
10000,low,25,786,0.0,0.25,tickets,365,1,True,2178,41,8.829268292682928,5,15,0.0,0.4146341463414634,0.024390243902439025,23360.39456343865,57539.784294301615,5011.767123287671,1.0,0,0.46282506417151115,0.5085381114566492,104155.79575390121,10.490058994249292,1058233.1701103316,112.80932376219623,12247.943691072394,56588.0,71,5.140845070422535,9929.0,0.007099999999999995,6.215345786002685,0.033424898663146185,0.0,8,16,11,6,0.16800788058900679,0.20137876925954856,0.23090734633967255
10000,low,25,786,0.0,0.25,tickets,365,2,True,2278,36,10.0,4,15,0.0,0.5833333333333334,0.027777777777777776,33879.78039089484,62426.430234536914,5532.7945205479455,1.0,0,0.5144507605699635,0.4667250159369659,68465.11266106008,6.8954690966925245,1166805.7528996272,124.38333220335909,29375.871881042065,56642.0,71,5.140845070422535,9929.0,0.007099999999999995,6.700075019345353,0.03033320623728008,0.0,14,9,13,0,0.3143398618530793,0.1518671591806277,0.22817411025120457
10000,med,0,100,0.0,0.25,tickets,365,0,True,2188,36,10.055555555555555,4,18,0.0,0.5555555555555556,0.05555555555555555,46002.05018457352,80230.2475861112,7938.257534246575,1.0,0,0.7583205479452054,0.21951315711414907,80906.97653335624,8.090697653335624,1681813.168643143,179.2839343990784,23980.827799196733,0.0,0,inf,10000.0,0.0,8.725433372862883,0.0,0.0,7,12,17,0,0.16777531767961967,0.20544273028117713,0.2593204842482701
10000,med,0,100,0.0,0.25,tickets,365,1,True,2178,38,9.447368421052632,4,15,0.0,0.47368421052631576,0.02631578947368421,42970.08068206036,71121.40019270079,7843.61095890411,1.0,0,0.7493087671232876,0.2254866407070299,91996.76141934117,9.199676141934118,1659769.123026938,176.93400439387185,29457.125524572148,0.0,0,inf,10000.0,0.0,8.58058946053877,0.0,0.0,6,18,14,0,0.12262562433769038,0.3225542545521984,0.18728113985230477
10000,med,0,100,0.0,0.25,tickets,365,2,True,2278,38,9.447368421052632,5,16,0.0,0.4473684210526316,0.05263157894736842,38290.08109850867,88173.59362853398,7690.901369863013,1.0,0,0.7361095890410959,0.23599124449587774,101831.95759004615,10.183195759004615,1632069.6726189374,173.98119932465895,24632.91666697656,0.0,0,inf,10000.0,0.0,8.46019345237874,0.0,0.0,7,15,16,0,0.18606164548107137,0.2660250342329405,0.20009195213108774
10000,med,0,300,0.0,0.25,tickets,365,0,True,2188,36,10.055555555555555,4,18,0.0,0.5555555555555556,0.05555555555555555,46002.05018457352,80230.2475861112,7938.257534246575,1.0,0,0.7583205479452054,0.21951315711414907,80906.97653335624,8.090697653335624,1681813.168643143,179.2839343990784,23980.827799196733,0.0,0,inf,10000.0,0.0,8.725433372862883,0.0,0.0,7,12,17,0,0.16777531767961967,0.20544273028117713,0.2593204842482701
10000,med,0,300,0.0,0.25,tickets,365,1,True,2178,38,9.447368421052632,4,15,0.0,0.47368421052631576,0.02631578947368421,42970.08068206036,71121.40019270079,7843.61095890411,1.0,0,0.7493087671232876,0.2254866407070299,91996.76141934117,9.199676141934118,1659769.123026938,176.93400439387185,29457.125524572148,0.0,0,inf,10000.0,0.0,8.58058946053877,0.0,0.0,6,18,14,0,0.12262562433769038,0.3225542545521984,0.18728113985230477
10000,med,0,300,0.0,0.25,tickets,365,2,True,2278,38,9.447368421052632,5,16,0.0,0.4473684210526316,0.05263157894736842,38290.08109850867,88173.59362853398,7690.901369863013,1.0,0,0.7361095890410959,0.23599124449587774,101831.95759004615,10.183195759004615,1632069.6726189374,173.98119932465895,24632.91666697656,0.0,0,inf,10000.0,0.0,8.46019345237874,0.0,0.0,7,15,16,0,0.18606164548107137,0.2660250342329405,0.20009195213108774
10000,med,0,786,0.0,0.25,tickets,365,0,True,2188,36,10.055555555555555,4,18,0.0,0.5555555555555556,0.05555555555555555,46002.05018457352,80230.2475861112,7938.257534246575,1.0,0,0.7583205479452054,0.21951315711414907,80906.97653335624,8.090697653335624,1681813.168643143,179.2839343990784,23980.827799196733,0.0,0,inf,10000.0,0.0,8.725433372862883,0.0,0.0,7,12,17,0,0.16777531767961967,0.20544273028117713,0.2593204842482701
10000,med,0,786,0.0,0.25,tickets,365,1,True,2178,38,9.447368421052632,4,15,0.0,0.47368421052631576,0.02631578947368421,42970.08068206036,71121.40019270079,7843.61095890411,1.0,0,0.7493087671232876,0.2254866407070299,91996.76141934117,9.199676141934118,1659769.123026938,176.93400439387185,29457.125524572148,0.0,0,inf,10000.0,0.0,8.58058946053877,0.0,0.0,6,18,14,0,0.12262562433769038,0.3225542545521984,0.18728113985230477
10000,med,0,786,0.0,0.25,tickets,365,2,True,2278,38,9.447368421052632,5,16,0.0,0.4473684210526316,0.05263157894736842,38290.08109850867,88173.59362853398,7690.901369863013,1.0,0,0.7361095890410959,0.23599124449587774,101831.95759004615,10.183195759004615,1632069.6726189374,173.98119932465895,24632.91666697656,0.0,0,inf,10000.0,0.0,8.46019345237874,0.0,0.0,7,15,16,0,0.18606164548107137,0.2660250342329405,0.20009195213108774
10000,med,5,100,0.0,0.25,tickets,365,0,True,2188,38,9.552631578947368,4,16,0.0,0.5,0.05263157894736842,42389.2773807837,86155.21182850497,7795.117808219178,1.0,0,0.7452127407541269,0.23255366569990393,80709.10071873241,8.16150275242516,1652164.7045523631,176.12336139953808,19070.037253383125,11290.0,111,3.2882882882882885,9889.0,0.011099999999999999,9.744661233377387,0.004288599327011146,0.0,8,13,17,0,0.17576249416430878,0.20613802330047445,0.25948815565748473
10000,med,5,100,0.0,0.25,tickets,365,1,True,2178,35,10.2,5,17,0.0,0.6285714285714286,0.08571428571428572,49079.835603438216,81214.18676419687,7985.780821917808,1.0,0,0.7638459463413868,0.21777066825268815,66717.03746533903,6.747273206446099,1685107.2475682942,179.63508840413274,41630.05680877772,11433.0,112,3.2589285714285716,9888.0,0.011199999999999988,9.810397530697424,0.004242472065074568,0.0,9,10,16,0,0.25271188881101253,0.1875240490216538,0.2211172561357732
10000,med,5,100,0.0,0.25,tickets,365,2,True,2278,38,9.578947368421053,4,16,0.0,0.5263157894736842,0.05263157894736842,41019.7209846959,84222.08629423741,7737.876712328767,1.0,0,0.741370403768317,0.24026539063786734,66655.2899136871,6.74034684130722,1643973.1360439097,175.25012728621508,17532.909077051034,11238.0,111,3.2882882882882885,9889.0,0.011099999999999999,9.709244740133324,0.00430828605064927,0.0,10,17,11,0,0.25218493334472464,0.31016833177360886,0.13789679229280627
10000,med,5,300,0.0,0.25,tickets,365,0,True,2188,36,10.027777777777779,5,14,0.0,0.5555555555555556,0.0,44833.66103358177,73133.30371499999,7962.73698630137,1.0,0,0.7588683589206185,0.22424721501616612,61515.80615971124,6.17442599214205,1685055.8579631143,179.62961019122795,28818.98770327321,11189.0,37,9.864864864864865,9963.0,0.0037000000000000366,9.097784763768153,0.004158754527509815,0.0,4,10,22,0,0.120082232061958,0.154718802611711,0.32739297110192217
10000,med,5,300,0.0,0.25,tickets,365,1,True,2178,38,9.526315789473685,4,16,0.0,0.5789473684210527,0.05263157894736842,44968.16631013289,81978.13864911142,7867.043835616439,1.0,0,0.7496144654643955,0.22408795601841064,95801.92075266642,9.616735670815743,1668148.9312436492,177.8273051567704,18922.97251778177,11697.0,38,9.605263157894736,9962.0,0.0038000000000000256,9.071074232183271,0.004402273259942378,0.0,11,14,13,0,0.2628616020006765,0.2381500639934258,0.18393211584030347
10000,med,5,300,0.0,0.25,tickets,365,2,True,2278,41,8.853658536585366,4,15,0.0,0.3170731707317073,0.04878048780487805,38914.99359290214,75802.87599833451,7622.227397260274,1.0,0,0.7275629642275467,0.25015482666465116,81183.40174312929,8.14767179276689,1619038.4141481856,172.5920466337613,18339.66038508084,10966.0,36,10.13888888888889,9964.0,0.0036000000000000476,8.79409510186219,0.004258274196626809,0.0,13,9,18,1,0.2932635124993498,0.13174781247428502,0.24474268148977163
10000,med,5,786,0.0,0.25,tickets,365,0,True,2188,36,9.86111111111111,5,15,0.0,0.5277777777777778,0.08333333333333333,45875.82092205529,74875.36216501932,7884.6164383561645,1.0,0,0.7502793669801937,0.2288532765590389,76114.35044605611,7.622105992995805,1661521.5804325878,177.12081911527468,46869.16478875121,11361.0,14,26.071428571428573,9986.0,0.0013999999999999568,8.641598988108594,0.004261810322511149,0.0,6,16,14,0,0.1461817370006116,0.2564268397819174,0.22259831291987833
10000,med,5,786,0.0,0.25,tickets,365,1,True,2178,37,9.783783783783784,3,16,0.02702702702702703,0.4864864864864865,0.05405405405405406,43993.48280223459,84088.77498894704,7977.34794520548,1.0,0,0.7592805121855729,0.22039271837787663,74140.42799241852,7.424437011057333,1690877.8432726907,180.250243000969,21346.15883646694,11751.0,14,26.071428571428573,9986.0,0.0013999999999999568,8.930842185386815,0.004363725782455253,0.0,7,18,12,0,0.14151642846652188,0.31979483753424714,0.18499172726986213
10000,med,5,786,0.0,0.25,tickets,365,2,True,2278,36,10.11111111111111,4,16,0.0,0.6388888888888888,0.05555555555555555,49740.46763499596,78722.72208901693,7971.457534246575,1.0,0,0.7605184692114013,0.22040346840356023,69588.83510666777,6.968639606115339,1695642.4649444942,180.7581591804655,14734.068155415578,11052.0,14,26.071428571428573,9986.0,0.0013999999999999568,8.990803564754012,0.004107806550906625,0.0,14,9,13,0,0.30904459288973835,0.17448190103344283,0.21436760255815257
10000,med,25,100,0.0,0.25,tickets,365,0,True,2188,36,9.86111111111111,4,18,0.0,0.5833333333333334,0.08333333333333333,46084.386776614,91134.13346046017,7921.093150684931,1.0,0,0.7605984131116061,0.2233001457509258,57153.48224426357,6.051829970803004,1666191.833355916,177.6186754374538,47542.566603432424,56259.0,556,0.6564748201438849,9444.0,0.05559999999999998,14.543508475926107,0.021034525814376665,0.0,7,10,19,0,0.15598223230473351,0.17497997928729214,0.2954884087338252
10000,med,25,100,0.0,0.25,tickets,365,1,True,2178,39,9.256410256410257,4,15,0.0,0.46153846153846156,0.02564102564102564,39917.39512500001,79031.0933891704,7783.304109589041,1.0,0,0.747550352188399,0.2301784495998154,79017.29813628858,8.374024813086962,1648024.4610331876,175.68200491516296,18480.679107079704,57049.0,564,0.6471631205673759,9436.0,0.056400000000000006,14.696136872610046,0.02170434361432585,0.0,14,14,11,0,0.2924445142930508,0.2084117348786215,0.1990008050555149
10000,med,25,100,0.0,0.25,tickets,365,2,True,2278,37,9.756756756756756,4,15,0.0,0.5945945945945946,0.02702702702702703,44915.19057818639,75480.80284368331,7787.13698630137,1.0,0,0.7490251824579034,0.23137939383182338,69571.7491043435,7.366767164797067,1649620.545624613,175.85215004811815,24827.39225108193,56307.0,556,0.6564748201438849,9444.0,0.05559999999999998,14.577748464674455,0.021416069000335995,0.0,9,16,11,1,0.2223147862126582,0.2693093100850437,0.17166273815599778
10000,med,25,300,0.0,0.25,tickets,365,0,True,2188,36,9.972222222222221,3,16,0.027777777777777776,0.5555555555555556,0.05555555555555555,47307.03737736018,76080.55171630344,8021.230136986302,1.0,0,0.7570344922570942,0.2161115582198471,97099.2088881634,9.89394832771178,1697154.179033773,180.91931028491962,24897.758705441993,56221.0,186,1.9623655913978495,9814.0,0.01859999999999995,10.746040665806921,0.020752462045072854,0.0,11,13,12,0,0.2874953813436482,0.22648940639604542,0.1849786373125512
10000,med,25,300,0.0,0.25,tickets,365,1,True,2178,38,9.552631578947368,3,15,0.02631578947368421,0.5263157894736842,0.05263157894736842,47784.38411652918,74260.5903385066,7994.602739726028,1.0,0,0.7543145686233457,0.22450132759300517,76593.22445605854,7.806872332693766,1695740.12026243,180.76856939126714,13181.55326519247,57060.0,189,1.9312169312169312,9811.0,0.018900000000000028,10.833277247008905,0.02114131794395534,0.0,7,16,15,0,0.14069118720202323,0.30744656373283386,0.2071137422143473
10000,med,25,300,0.0,0.25,tickets,365,2,True,2278,36,10.11111111111111,4,16,0.0,0.5,0.08333333333333333,44107.43137483591,81390.16515924646,7847.208219178082,1.0,0,0.7419047979853146,0.23476556282704855,84365.73772337442,8.59646807859939,1667754.8961940492,177.78530039946406,14202.010656662638,56221.0,186,1.9623655913978495,9814.0,0.01859999999999995,10.64573532976205,0.021228036425832972,0.0,6,15,15,0,0.1467826687944052,0.2782158246737603,0.22541090659390584
10000,med,25,786,0.0,0.25,tickets,365,0,True,2188,34,10.5,4,14,0.0,0.7352941176470589,0.0,53923.73638080135,74234.01242438337,8173.180821917808,1.0,0,0.7672373145247828,0.21443019687026038,66679.12921132328,6.716270065604681,1723707.1700973886,183.7499009811438,43106.553727315026,57049.0,72,5.069444444444445,9928.0,0.007199999999999984,9.589724571929189,0.02066866875993686,0.0,11,9,13,1,0.2828647708690409,0.17808032418575584,0.20505491564860157
10000,med,25,786,0.0,0.25,tickets,365,1,True,2178,41,8.853658536585366,3,14,0.024390243902439025,0.34146341463414637,0.0,37589.585559361265,75607.52566780837,7948.4684931506845,1.0,0,0.74561567990023,0.23213615517230665,80920.26903656172,8.149891130684027,1684097.2552502526,179.52742163123102,17941.06529929906,56150.0,71,5.140845070422535,9929.0,0.007099999999999995,9.502744016235718,0.020917616247947825,0.0,12,12,14,3,0.28856061751172524,0.156379699258831,0.20882596598967554
10000,med,25,786,0.0,0.25,tickets,365,2,True,2278,37,9.64864864864865,4,16,0.0,0.5675675675675675,0.02702702702702703,46519.62916388453,86089.14953457296,7993.350684931507,1.0,0,0.7516635874764936,0.22950896881500066,68481.43754982093,6.896418685782571,1688582.8121805615,180.0055890694642,42216.61589442638,55578.0,70,5.214285714285714,9930.0,0.007000000000000006,9.387448084570572,0.020597256692463223,0.0,8,14,14,1,0.14974477315061707,0.25727121579419837,0.20682657363832996
10000,high,0,100,0.0,0.25,tickets,365,0,True,2188,37,9.72972972972973,4,18,0.0,0.5675675675675675,0.02702702702702703,56717.90570429099,85360.50245676604,9570.975342465754,1.0,0,0.9163756164383562,0.06945322504451854,51724.72858750725,5.172472858750725,2029365.4684474801,216.33355731803826,37335.09834705584,0.0,0,inf,10000.0,0.0,10.484370368949605,0.0,0.0,8,8,21,0,0.2321210538856115,0.14836655753373967,0.26092582989105445
10000,high,0,100,0.0,0.25,tickets,365,1,True,2178,38,9.447368421052632,4,14,0.0,0.5263157894736842,0.0,54220.66750189019,79767.99999950892,9569.567123287672,1.0,0,0.9159079452054795,0.06877438735736,55909.48614563626,5.590948614563627,2027619.1081226235,216.1473925550573,39305.93725664989,0.0,0,inf,10000.0,0.0,10.464806162452502,0.0,0.0,6,13,19,0,0.14336547475497655,0.23747589441357483,0.23852891279019017
10000,high,0,100,0.0,0.25,tickets,365,2,True,2278,39,9.153846153846153,5,14,0.0,0.41025641025641024,0.0,52010.18908230195,81648.37105821725,9443.315068493152,1.0,0,0.9059090410958904,0.07670551905699877,63456.855441954336,6.345685544195433,2003892.532105446,213.61810215735503,43332.19010475043,0.0,0,inf,10000.0,0.0,10.318738642108926,0.0,0.0,8,16,15,0,0.22529815659473612,0.29919388997474683,0.15958283531193726
10000,high,0,300,0.0,0.25,tickets,365,0,True,2188,37,9.72972972972973,4,18,0.0,0.5675675675675675,0.02702702702702703,56717.90570429099,85360.50245676604,9570.975342465754,1.0,0,0.9163756164383562,0.06945322504451854,51724.72858750725,5.172472858750725,2029365.4684474801,216.33355731803826,37335.09834705584,0.0,0,inf,10000.0,0.0,10.484370368949605,0.0,0.0,8,8,21,0,0.2321210538856115,0.14836655753373967,0.26092582989105445
10000,high,0,300,0.0,0.25,tickets,365,1,True,2178,38,9.447368421052632,4,14,0.0,0.5263157894736842,0.0,54220.66750189019,79767.99999950892,9569.567123287672,1.0,0,0.9159079452054795,0.06877438735736,55909.48614563626,5.590948614563627,2027619.1081226235,216.1473925550573,39305.93725664989,0.0,0,inf,10000.0,0.0,10.464806162452502,0.0,0.0,6,13,19,0,0.14336547475497655,0.23747589441357483,0.23852891279019017
10000,high,0,300,0.0,0.25,tickets,365,2,True,2278,39,9.153846153846153,5,14,0.0,0.41025641025641024,0.0,52010.18908230195,81648.37105821725,9443.315068493152,1.0,0,0.9059090410958904,0.07670551905699877,63456.855441954336,6.345685544195433,2003892.532105446,213.61810215735503,43332.19010475043,0.0,0,inf,10000.0,0.0,10.318738642108926,0.0,0.0,8,16,15,0,0.22529815659473612,0.29919388997474683,0.15958283531193726
10000,high,0,786,0.0,0.25,tickets,365,0,True,2188,37,9.72972972972973,4,18,0.0,0.5675675675675675,0.02702702702702703,56717.90570429099,85360.50245676604,9570.975342465754,1.0,0,0.9163756164383562,0.06945322504451854,51724.72858750725,5.172472858750725,2029365.4684474801,216.33355731803826,37335.09834705584,0.0,0,inf,10000.0,0.0,10.484370368949605,0.0,0.0,8,8,21,0,0.2321210538856115,0.14836655753373967,0.26092582989105445
10000,high,0,786,0.0,0.25,tickets,365,1,True,2178,38,9.447368421052632,4,14,0.0,0.5263157894736842,0.0,54220.66750189019,79767.99999950892,9569.567123287672,1.0,0,0.9159079452054795,0.06877438735736,55909.48614563626,5.590948614563627,2027619.1081226235,216.1473925550573,39305.93725664989,0.0,0,inf,10000.0,0.0,10.464806162452502,0.0,0.0,6,13,19,0,0.14336547475497655,0.23747589441357483,0.23852891279019017
10000,high,0,786,0.0,0.25,tickets,365,2,True,2278,39,9.153846153846153,5,14,0.0,0.41025641025641024,0.0,52010.18908230195,81648.37105821725,9443.315068493152,1.0,0,0.9059090410958904,0.07670551905699877,63456.855441954336,6.345685544195433,2003892.532105446,213.61810215735503,43332.19010475043,0.0,0,inf,10000.0,0.0,10.318738642108926,0.0,0.0,8,16,15,0,0.22529815659473612,0.29919388997474683,0.15958283531193726
10000,high,5,100,0.0,0.25,tickets,365,0,True,2188,38,9.5,4,16,0.0,0.5263157894736842,0.02631578947368421,54400.4294575887,95788.54777319999,9511.731506849315,1.0,0,0.9122813107374517,0.07240228285432622,55596.4875469811,5.622622122469772,2020171.8257496334,215.35350051680683,25599.227901025126,11396.0,112,3.2589285714285716,9888.0,0.011199999999999988,11.679198667051393,0.0035451534687373806,0.0,12,13,13,0,0.30114416325198073,0.22621135840703685,0.17859962447819996
10000,high,5,100,0.0,0.25,tickets,365,1,True,2178,38,9.5,6,16,0.0,0.5,0.05263157894736842,53426.73659189986,91901.96708549048,9560.120547945206,1.0,0,0.9166584011108907,0.07026820019908736,47450.1620134084,4.79876233954373,2029281.5622816756,216.3246127885232,26598.675611308234,11325.0,112,3.2589285714285716,9888.0,0.011199999999999988,11.722367893023112,0.0035065758327114576,0.0,8,12,18,0,0.22385452857163018,0.22626664567171073,0.21460706075719538
10000,high,5,100,0.0,0.25,tickets,365,2,True,2278,39,9.333333333333334,4,14,0.0,0.41025641025641024,0.0,49723.612053670244,84250.31419619998,9485.98904109589,1.0,0,0.9114750784208902,0.07410035664572062,52371.68621603942,5.292742416982256,2020393.7408236493,215.37715701344624,20082.13569377283,10672.0,105,3.4761904761904763,9895.0,0.010499999999999954,11.635100427512942,0.003331806447923484,0.0,6,17,16,0,0.16073582300275308,0.2847070798774476,0.2046280637094933
10000,high,5,300,0.0,0.25,tickets,365,0,True,2188,37,9.72972972972973,5,14,0.0,0.5675675675675675,0.0,58713.35266363546,81043.48709278651,9618.276712328767,1.0,0,0.9192069790063304,0.06711026793184521,49851.52358140213,5.003163747631687,2041704.3505192895,217.6489015935888,29074.058545990065,11120.0,36,10.13888888888889,9964.0,0.0036000000000000476,10.969989047488516,0.003419289360922741,0.0,10,10,17,0,0.3102198304408728,0.142605100000619,0.23321660099620892
10000,high,5,300,0.0,0.25,tickets,365,1,True,2178,38,9.605263157894736,5,13,0.0,0.5526315789473685,0.0,55671.88129303757,77083.10735692049,9607.898630136986,1.0,0,0.9179494640332697,0.06988832026430598,44306.34369314646,4.447535002323475,2045354.4576640613,218.03800876797297,11310.948540627074,11689.0,38,9.605263157894736,9962.0,0.0038000000000000256,11.104155469292529,0.0036046255321320955,0.0,8,9,21,0,0.20000931813984318,0.1514321786342262,0.2833938424220312
10000,high,5,300,0.0,0.25,tickets,365,2,True,2278,38,9.394736842105264,4,15,0.0,0.42105263157894735,0.05263157894736842,53381.111316317096,87258.74225674607,9554.265753424657,1.0,0,0.9150231615788408,0.07139626847036563,49481.26835509483,4.966004451535009,2024372.446348487,215.80129329303296,51397.64022423454,10901.0,36,10.13888888888889,9964.0,0.0036000000000000476,10.760521882277727,0.0033811190124643457,0.0,12,13,13,0,0.3435253524741428,0.22018450974734335,0.1614158602708069
10000,high,5,786,0.0,0.25,tickets,365,0,True,2188,39,9.153846153846153,5,17,0.0,0.358974358974359,0.02564102564102564,50719.391604940865,98875.6178939344,9583.627397260274,1.0,0,0.9149232199901085,0.07331425071138903,42904.57841816313,4.296472903881748,2026529.7246374479,216.03126255861474,51920.241015142514,11416.0,14,26.071428571428573,9986.0,0.0013999999999999568,10.538765905890699,0.003524847170859891,0.0,7,14,18,0,0.20625915326325903,0.21140273522650604,0.22516639136828667
10000,high,5,786,0.0,0.25,tickets,365,1,True,2178,36,10.083333333333334,4,15,0.0,0.5833333333333334,0.027777777777777776,59252.997002943084,80921.49097552977,9638.04109589041,1.0,0,0.9197969103371586,0.06956279857365723,38809.96165411835,3.8864371774602793,2046537.42653658,218.16411511420165,26499.125697576354,11636.0,14,26.071428571428573,9986.0,0.0013999999999999568,10.778200151817611,0.0035774336000181928,0.0,7,10,19,0,0.19168497682867658,0.19356400388810557,0.2526602211653313
10000,high,5,786,0.0,0.25,tickets,365,2,True,2278,37,9.837837837837839,4,16,0.0,0.6216216216216216,0.05405405405405406,61292.94719119638,92151.88415735889,9586.383561643835,1.0,0,0.9171564215438595,0.06844307067476439,52526.90336963755,5.260054413142154,2043909.9788172396,217.88402504633092,16670.479311730316,11107.0,14,26.071428571428573,9986.0,0.0013999999999999568,10.816154333284846,0.0034335230049470852,0.0,12,11,14,0,0.33522130229637553,0.19737143874485802,0.19088161603245038
10000,high,25,100,0.0,0.25,tickets,365,0,True,2188,38,9.447368421052632,4,14,0.0,0.5263157894736842,0.0,55209.12320060277,77230.55198300061,9487.106849315069,1.0,0,0.9164607535925504,0.06850217548305294,53376.14332486252,5.651857615932075,2008715.0970221728,214.13219517808176,34784.58833791816,56363.0,556,0.6564748201438849,9444.0,0.05559999999999998,16.523497117735833,0.0176034150457694,0.0,8,12,17,1,0.20398772650512637,0.21026785654340813,0.22867325031248723
10000,high,25,100,0.0,0.25,tickets,365,1,True,2178,37,9.756756756756756,4,15,0.0,0.5675675675675675,0.02702702702702703,58756.26113999999,84533.82497936717,9528.2,1.0,0,0.9200505873455586,0.06649205024196343,47777.60648620833,5.0601150694988695,2018406.8347231261,215.165349691667,30679.712775248143,56484.0,558,0.6541218637992832,9442.0,0.05579999999999996,16.62377237947998,0.017547335335944377,0.0,5,9,20,3,0.1485437948221125,0.1476705638732776,0.2752878759535615
10000,high,25,100,0.0,0.25,tickets,365,2,True,2278,40,9.025,4,14,0.0,0.4,0.0,52286.96608778482,80184.68149052518,9395.901369863013,1.0,0,0.909277019747339,0.07644804054315328,50692.62344869466,5.360895034760434,1994900.8026572075,212.65956962675713,30071.652559817652,55100.0,544,0.6709558823529411,9456.0,0.054400000000000004,16.33282582330074,0.017369275557048484,0.0,10,17,12,1,0.31383283184272426,0.28017284082106825,0.12709478458107393
10000,high,25,300,0.0,0.25,tickets,365,0,True,2188,37,9.756756756756756,5,14,0.0,0.4594594594594595,0.0,58392.598049999986,81094.97590821204,9683.487671232877,1.0,0,0.9192256498709758,0.06610300522918806,53051.39243032411,5.406235853492725,2055603.31448189,219.1305530574648,24627.139450709405,56394.0,187,1.9518716577540107,9813.0,0.01870000000000005,12.680672315024344,0.017242740289712215,0.0,9,12,15,1,0.2132129719703797,0.23940328272540135,0.19981520185507998
10000,high,25,300,0.0,0.25,tickets,365,1,True,2178,37,9.675675675675675,5,15,0.0,0.5135135135135135,0.02702702702702703,57574.06574741312,83873.43627518012,9638.77808219178,1.0,0,0.9145246149727533,0.07083966672181173,52920.5327632705,5.393999873944603,2038989.0212024418,217.35944320891795,43089.48063316414,57112.0,189,1.9312169312169312,9811.0,0.018900000000000028,12.514209892814835,0.01753988028949273,0.0,4,14,19,0,0.08955953632556708,0.2466831338215153,0.2649880169233193
10000,high,25,300,0.0,0.25,tickets,365,2,True,2278,38,9.526315789473685,4,14,0.0,0.5263157894736842,0.0,56293.45556517529,83868.4539374324,9570.295890410958,1.0,0,0.910311540246261,0.07454175132507541,54772.951444812716,5.581103672795264,2036476.8554890794,217.09164238457458,22703.694630571743,56025.0,186,1.9623655913978495,9814.0,0.01859999999999995,12.577563520001148,0.01733531663898398,0.0,6,13,19,0,0.18759439722514837,0.2507474614179452,0.2214737999753166
10000,high,25,786,0.0,0.25,tickets,365,0,True,2188,39,9.282051282051283,5,13,0.0,0.5384615384615384,0.0,56645.60412127301,80263.13143745248,9707.712328767124,1.0,0,0.9163429607046759,0.07183385098297031,43004.51831808909,4.3312033757769255,2059222.3985330975,219.51635312118108,29630.624107321313,56137.0,71,5.140845070422535,9929.0,0.007099999999999995,11.429241010552353,0.017120408431087836,0.0,3,16,20,0,0.08448319868993172,0.2883469879221774,0.2408259359337301
10000,high,25,786,0.0,0.25,tickets,365,1,True,2178,39,9.307692307692308,5,14,0.0,0.48717948717948717,0.0,54769.12901310153,82192.08312970633,9714.712328767124,1.0,0,0.9170804661533005,0.06850712824530249,52424.11650668949,5.279367221217472,2064202.0190674353,220.0471885182727,19080.326611179134,55322.0,70,5.214285714285714,9930.0,0.007000000000000006,11.500955776149098,0.01685707597853277,0.0,8,12,17,2,0.2045231355000775,0.22357251179423845,0.2119575932048093
10000,high,25,786,0.0,0.25,tickets,365,2,True,2278,39,9.179487179487179,5,13,0.0,0.48717948717948717,0.0,52528.322704484824,79135.19899087533,9603.717808219179,1.0,0,0.9085291437039399,0.07625413150053885,55346.804011637534,5.573696275089379,2036559.4289130713,217.10044484171203,43606.37904340363,55684.0,70,5.214285714285714,9930.0,0.007000000000000006,11.2244484215798,0.017172858570468002,0.0,11,8,19,1,0.3099992693459087,0.15888653981570316,0.21314778719064228
